participant_id,question_id,part,min,max,t_ij,valid_data,censored,LB,is_valid_time,invalid_time,is_correct,label
participant_1,Q1,Part 2,4703.14453,4878.33594,175.19141000000036,True,False,-50.36236749999948,True,False,0,UP
participant_1,Q10,Part 2,5390.91211,5475.94141,85.02930000000015,True,False,21.069950000000233,True,False,0,UP
participant_1,Q11,Part 2,5476.1167,5513.23877,37.12207000000035,True,False,-40.907541250000634,True,False,0,UP
participant_1,Q12,Part 2,5513.23877,5597.67871,84.4399400000002,True,False,-25.296670000000063,True,False,0,UP
participant_1,Q13,Part 1,5597.67871,5639.21631,41.53759999999966,True,False,-36.89351500000005,True,False,1,NP
participant_1,Q14,Part 1,5639.52393,5721.76758,82.24364999999943,True,False,-14.439928750000348,True,False,1,NP
participant_1,Q15,Part 2,5721.76758,5766.6333,44.86572000000069,True,False,-7.538450000000111,True,False,1,NP
participant_1,Q2,Part 2,4878.33594,4927.74365,49.40771000000041,True,False,5.275629999999509,True,False,0,UP
participant_1,Q3,Part 1,4927.74365,5001.74756,74.00390999999945,True,False,22.222594999999387,True,False,1,NP
participant_1,Q4,Part 2,5001.74756,5033.80713,32.05957000000035,True,False,-13.903517500000689,True,False,1,NP
participant_1,Q5,Part 1,5033.80713,5113.28955,79.48242000000027,True,False,-17.558350000001838,True,False,0,NA_no_correct
participant_1,Q6,Part 2,5113.28955,5204.88525,91.59569999999985,True,False,-2.641577499999663,True,False,0,UP
participant_1,Q7,Part 2,5204.88525,5266.57617,61.690920000000006,True,False,-19.128347499999308,True,False,0,UP
participant_1,Q8,Part 2,5266.57617,5306.18408,39.60790999999972,True,False,-13.50669250000017,True,False,1,NP
participant_1,Q9,Part 1,5306.18408,5390.91211,84.72803000000022,True,False,14.444062500000342,True,False,0,UP
participant_10,Q1,Part 1,62.72685,98.08165,35.3548,True,False,-15.267338749999706,True,False,1,NP
participant_10,Q10,Part 2,605.77417,660.25195,54.47777999999994,True,False,21.069950000000233,True,False,1,NP
participant_10,Q11,Part 1,660.25195,697.8443,37.59235000000001,True,False,-23.071896249999938,True,False,1,NP
participant_10,Q12,Part 1,697.8443,740.21149,42.36719000000005,True,False,-33.935123749999576,True,False,0,UP
participant_10,Q13,Part 2,740.21149,757.8551,17.643609999999967,True,False,-59.499320000000125,True,False,1,NP
participant_10,Q14,Part 2,757.8551,787.68304,29.827940000000012,True,False,-15.682910000000703,True,False,0,UP
participant_10,Q15,Part 1,787.68304,828.51624,40.83320000000003,True,False,-50.906236250000276,True,False,1,NP
participant_10,Q2,Part 2,98.08165,121.35199,23.270340000000004,True,False,5.275629999999509,True,False,1,NP
participant_10,Q3,Part 2,121.35199,253.78619,132.4342,True,False,-5.320869999999928,True,False,1,UP
participant_10,Q4,Part 1,253.78619,355.29391,101.50771999999998,True,False,2.085678749999964,True,False,1,NP
participant_10,Q5,Part 2,355.29391,378.87225,23.578340000000026,True,False,-32.73799000000031,True,False,0,NA_no_correct
participant_10,Q6,Part 2,379.03314,437.36252,58.329380000000015,True,False,-2.641577499999663,True,False,0,UP
participant_10,Q7,Part 2,437.36252,519.34479,81.98226999999997,True,False,-19.128347499999308,True,False,0,UP
participant_10,Q8,Part 2,519.34479,572.12067,52.77588000000003,True,False,-13.50669250000017,True,False,0,UP
participant_10,Q9,Part 2,572.12067,605.77417,33.65350000000001,True,False,-43.915629999999766,True,False,0,UP
participant_11,Q1,Part 2,1191.84521,1217.82092,25.975709999999935,True,False,-50.36236749999948,True,False,0,UP
participant_11,Q10,Part 1,1505.02209,1529.01685,23.994760000000042,True,False,-24.730319999999836,True,False,1,NP
participant_11,Q11,Part 2,1529.01685,1593.70923,64.69237999999996,True,False,-40.907541250000634,True,False,0,UP
participant_11,Q12,Part 2,1593.70923,1677.17163,83.46240000000012,True,False,-25.296670000000063,True,False,0,UP
participant_11,Q13,Part 2,1677.17163,1719.41174,42.24010999999996,True,False,-59.499320000000125,True,False,0,UP
participant_11,Q14,Part 1,1719.41174,1746.92871,27.5169699999999,True,False,-14.439928750000348,True,False,1,NP
participant_11,Q15,Part 2,1746.92871,1823.23694,76.3082300000001,True,False,-7.538450000000111,True,False,0,UP
participant_11,Q2,Part 2,1217.82092,1275.5282,57.70728000000008,True,False,5.275629999999509,True,False,0,UP
participant_11,Q3,Part 1,1275.5282,1299.32776,23.79955999999993,True,False,22.222594999999387,True,False,0,UP
participant_11,Q4,Part 2,1299.32776,1325.62537,26.297610000000077,True,False,-13.903517500000689,True,False,1,NP
participant_11,Q5,Part 1,1325.62537,1348.97937,23.354000000000042,True,False,-17.558350000001838,True,False,0,NA_no_correct
participant_11,Q6,Part 2,1348.97937,1395.67102,46.69164999999998,True,False,-2.641577499999663,True,False,0,UP
participant_11,Q7,Part 2,1395.67102,1435.31958,39.64856000000009,True,False,-19.128347499999308,True,False,1,NP
participant_11,Q8,Part 2,1435.31958,1465.20715,29.88756999999987,True,False,-13.50669250000017,True,False,0,UP
participant_11,Q9,Part 1,1465.20715,1505.02209,39.81493999999998,True,False,14.444062500000342,True,False,0,UP
participant_12,Q1,Part 1,44.48244,103.46221,58.97977,True,False,-15.267338749999706,True,False,1,NP
participant_12,Q10,Part 2,410.51379,429.39062,18.87683000000004,True,False,21.069950000000233,False,True,0,INVALID
participant_12,Q11,Part 2,429.39062,454.20142,24.810799999999972,True,False,-40.907541250000634,True,False,0,UP
participant_12,Q12,Part 1,454.20142,480.7742,26.572780000000023,True,False,-33.935123749999576,True,False,1,NP
participant_12,Q13,Part 2,480.7742,490.64722,9.873019999999997,True,False,-59.499320000000125,True,False,0,UP
participant_12,Q14,Part 2,490.64722,563.22583,72.57860999999997,True,False,-15.682910000000703,True,False,1,NP
participant_12,Q15,Part 2,563.22583,581.39886,18.17303000000004,True,False,-7.538450000000111,True,False,1,NP
participant_12,Q2,Part 2,103.46221,126.57849,23.116280000000003,True,False,5.275629999999509,True,False,0,UP
participant_12,Q3,Part 2,126.57849,168.72545,42.14695999999999,True,False,-5.320869999999928,True,False,1,NP
participant_12,Q4,Part 2,168.72545,213.0827,44.35724999999999,True,False,-13.903517500000689,True,False,1,NP
participant_12,Q5,Part 2,213.0827,230.3651,17.282400000000024,True,False,-32.73799000000031,True,False,0,NA_no_correct
participant_12,Q6,Part 1,230.3651,317.23776,86.87265999999997,True,False,-16.519989999999503,True,False,1,NP
participant_12,Q7,Part 1,317.23776,329.54449,12.306730000000016,True,False,9.099355000000855,True,False,1,NP
participant_12,Q8,Part 2,329.54449,397.84937,68.30488000000003,True,False,-13.50669250000017,True,False,1,NP
participant_12,Q9,Part 1,397.84937,410.51379,12.66441999999995,True,False,14.444062500000342,False,True,1,INVALID
participant_13,Q1,Part 2,74.35633,196.03941,121.68308,True,False,-50.36236749999948,True,False,1,NP
participant_13,Q10,Part 2,888.40833,939.47742,51.069090000000074,True,False,21.069950000000233,True,False,0,UP
participant_13,Q11,Part 1,939.47742,1026.25549,86.77806999999996,True,False,-23.071896249999938,True,False,1,NP
participant_13,Q12,Part 2,1026.25549,1086.72949,60.47399999999993,True,False,-25.296670000000063,True,False,0,UP
participant_13,Q13,Part 2,1086.72949,1169.48743,82.75793999999996,True,False,-59.499320000000125,True,False,0,UP
participant_13,Q14,Part 1,1169.48743,1229.23071,59.74328000000014,True,False,-14.439928750000348,True,False,1,NP
participant_13,Q15,Part 2,1229.29211,1310.8457,81.55358999999999,True,False,-7.538450000000111,True,False,0,UP
participant_13,Q2,Part 1,196.03941,285.17584,89.13642999999999,True,False,-33.965244999999996,True,False,1,NP
participant_13,Q3,Part 2,285.17584,442.34698,157.17113999999998,True,False,-5.320869999999928,True,False,0,UP
participant_13,Q4,Part 2,442.34698,489.23587,46.88889,True,False,-13.903517500000689,True,False,0,UP
participant_13,Q5,Part 2,489.23587,592.61316,103.37729000000002,True,False,-32.73799000000031,True,False,0,NA_no_correct
participant_13,Q6,Part 1,592.61316,694.66315,102.04998999999998,True,False,-16.519989999999503,True,False,0,UP
participant_13,Q7,Part 2,694.66315,770.44916,75.78601000000003,True,False,-19.128347499999308,True,False,1,NP
participant_13,Q8,Part 1,770.44916,856.23584,85.78668000000005,True,False,12.627906249999654,True,False,1,UP
participant_13,Q9,Part 2,856.23584,888.40833,32.172489999999925,True,False,-43.915629999999766,True,False,0,UP
participant_14,Q1,Part 1,3094.03613,3116.01318,21.977049999999963,True,False,-15.267338749999706,True,False,1,NP
participant_14,Q10,Part 1,3497.11328,3548.02124,50.90796,True,False,-24.730319999999836,True,False,1,NP
participant_14,Q11,Part 1,3548.02124,3594.21338,46.19214000000011,True,False,-23.071896249999938,True,False,1,NP
participant_14,Q12,Part 2,3594.21338,3636.29956,42.086179999999786,True,False,-25.296670000000063,True,False,0,UP
participant_14,Q13,Part 2,3636.29956,3663.50171,27.202150000000074,True,False,-59.499320000000125,True,False,0,UP
participant_14,Q14,Part 1,3663.50171,3733.66089,70.1591800000001,True,False,-14.439928750000348,True,False,1,NP
participant_14,Q15,Part 2,3733.66089,3768.41895,34.758060000000114,True,False,-7.538450000000111,True,False,1,NP
participant_14,Q2,Part 2,3116.01318,3158.26709,42.253909999999905,True,False,5.275629999999509,True,False,1,NP
participant_14,Q3,Part 2,3158.26709,3189.03979,30.772699999999986,True,False,-5.320869999999928,True,False,0,UP
participant_14,Q4,Part 1,3189.03979,3227.84302,38.803229999999985,True,False,2.085678749999964,True,False,1,NP
participant_14,Q5,Part 2,3227.84302,3276.21997,48.376950000000306,True,False,-32.73799000000031,True,False,0,NA_no_correct
participant_14,Q6,Part 2,3276.21997,3358.86426,82.64428999999973,True,False,-2.641577499999663,True,False,0,UP
participant_14,Q7,Part 2,3358.86426,3382.31494,23.450680000000375,True,False,-19.128347499999308,True,False,1,NP
participant_14,Q8,Part 2,3382.31494,3464.9939,82.67895999999973,True,False,-13.50669250000017,True,False,0,UP
participant_14,Q9,Part 2,3464.9939,3497.11328,32.11938000000009,True,False,-43.915629999999766,True,False,0,UP
participant_15,Q1,Part 2,83.7511,133.64032,49.88922000000001,True,False,-50.36236749999948,True,False,0,UP
participant_15,Q10,Part 2,602.08081,657.93903,55.85821999999996,True,False,21.069950000000233,True,False,1,NP
participant_15,Q11,Part 1,657.93903,738.64136,80.70232999999996,True,False,-23.071896249999938,True,False,1,NP
participant_15,Q12,Part 2,738.64136,763.2384,24.597039999999993,True,False,-25.296670000000063,True,False,1,NP
participant_15,Q13,Part 1,763.2384,831.42181,68.1834100000001,True,False,-36.89351500000005,True,False,1,NP
participant_15,Q14,Part 1,831.42181,858.08789,26.666079999999965,True,False,-14.439928750000348,True,False,1,NP
participant_15,Q15,Part 2,858.08789,882.98584,24.897950000000037,True,False,-7.538450000000111,True,False,1,NP
participant_15,Q2,Part 2,133.64032,166.02097,32.38065,True,False,5.275629999999509,True,False,0,UP
participant_15,Q3,Part 2,166.02097,240.19919,74.17821999999998,True,False,-5.320869999999928,True,False,1,NP
participant_15,Q4,Part 2,240.19919,298.71616,58.516970000000015,True,False,-13.903517500000689,True,False,1,NP
participant_15,Q5,Part 1,298.71616,311.11588,12.399720000000002,True,False,-17.558350000001838,True,False,0,NA_no_correct
participant_15,Q6,Part 1,311.11588,366.47815,55.362270000000024,True,False,-16.519989999999503,True,False,1,NP
participant_15,Q7,Part 2,366.47815,442.35077,75.87261999999998,True,False,-19.128347499999308,True,False,0,UP
participant_15,Q8,Part 2,442.35077,515.59753,73.24676,True,False,-13.50669250000017,True,False,0,UP
participant_15,Q9,Part 2,515.59753,602.08081,86.48328000000004,True,False,-43.915629999999766,True,False,0,UP
participant_16,Q1,Part 1,4048.66333,4106.97314,58.3098100000002,True,False,-15.267338749999706,True,False,1,NP
participant_16,Q10,Part 2,4532.75146,4604.45801,71.70654999999988,True,False,21.069950000000233,True,False,0,UP
participant_16,Q11,Part 2,4604.45801,4656.97314,52.51512999999977,True,False,-40.907541250000634,True,False,1,NP
participant_16,Q12,Part 2,4656.97314,4726.1582,69.1850599999998,True,False,-25.296670000000063,True,False,0,UP
participant_16,Q13,Part 2,4726.1582,4796.375,70.21680000000015,True,False,-59.499320000000125,True,False,1,NP
participant_16,Q14,Part 2,4796.375,4833.25586,36.88086000000021,True,False,-15.682910000000703,True,False,1,NP
participant_16,Q15,Part 1,4833.25586,4914.21973,80.96386999999959,True,False,-50.906236250000276,True,False,1,NP
participant_16,Q2,Part 2,4106.97314,4146.90869,39.93555000000015,True,False,5.275629999999509,True,False,0,UP
participant_16,Q3,Part 1,4146.90869,4209.07666,62.167969999999514,True,False,22.222594999999387,True,False,1,NP
participant_16,Q4,Part 2,4209.07666,4267.6416,58.564940000000206,True,False,-13.903517500000689,True,False,1,NP
participant_16,Q5,Part 2,4267.6416,4319.08545,51.44384999999966,True,False,-32.73799000000031,True,False,0,NA_no_correct
participant_16,Q6,Part 2,4319.08545,4365.37842,46.29297000000042,True,False,-2.641577499999663,True,False,0,UP
participant_16,Q7,Part 1,4365.37842,4435.55078,70.17235999999957,True,False,9.099355000000855,True,False,1,UP
participant_16,Q8,Part 1,4435.55078,4498.16748,62.61670000000049,True,False,12.627906249999654,True,False,1,NP
participant_16,Q9,Part 2,4498.16748,4532.75146,34.58398000000034,True,False,-43.915629999999766,True,False,0,UP
participant_17,Q1,Part 2,93.62907,197.81746,104.18839000000001,True,False,-50.36236749999948,True,False,0,UP
participant_17,Q10,Part 2,658.26099,729.76697,71.50598000000002,True,False,21.069950000000233,True,False,0,UP
participant_17,Q11,Part 1,729.76697,805.17047,75.40350000000001,True,False,-23.071896249999938,True,False,1,NP
participant_17,Q12,Part 2,805.17047,852.24738,47.07691,True,False,-25.296670000000063,True,False,0,UP
participant_17,Q13,Part 2,852.24738,857.37103,5.123649999999998,True,False,-59.499320000000125,True,False,0,UP
participant_17,Q14,Part 1,857.37103,915.5343,58.16327000000001,True,False,-14.439928750000348,True,False,1,NP
participant_17,Q15,Part 2,915.5343,965.43176,49.897460000000024,True,False,-7.538450000000111,True,False,0,UP
participant_17,Q2,Part 2,197.81746,262.7717,64.95424,True,False,5.275629999999509,True,False,0,UP
participant_17,Q3,Part 2,262.7717,324.49078,61.71907999999996,True,False,-5.320869999999928,True,False,1,NP
participant_17,Q4,Part 2,324.49078,402.10535,77.61457000000001,True,False,-13.903517500000689,True,False,0,UP
participant_17,Q5,Part 1,402.54105,430.85596,28.314909999999998,True,False,-17.558350000001838,True,False,0,NA_no_correct
participant_17,Q6,Part 1,430.85596,503.74817,72.89221000000003,True,False,-16.519989999999503,True,False,1,NP
participant_17,Q7,Part 2,503.74817,558.95825,55.210080000000005,True,False,-19.128347499999308,True,False,0,UP
participant_17,Q8,Part 2,558.95825,598.70496,39.74671000000001,True,False,-13.50669250000017,True,False,1,NP
participant_17,Q9,Part 1,598.70496,658.26099,59.556029999999964,True,False,14.444062500000342,True,False,0,UP
participant_18,Q1,Part 2,262.72916,304.97687,42.24771000000004,True,False,-50.36236749999948,True,False,0,UP
participant_18,Q10,Part 2,901.43201,962.64673,61.21472000000006,True,False,21.069950000000233,True,False,0,UP
participant_18,Q11,Part 2,962.64673,1045.91711,83.27038000000005,True,False,-40.907541250000634,True,False,0,UP
participant_18,Q12,Part 1,1045.91711,1132.99011,87.07299999999987,True,False,-33.935123749999576,True,False,1,NP
participant_18,Q13,Part 2,1132.99011,1169.60364,36.61353000000008,True,False,-59.499320000000125,True,False,0,UP
participant_18,Q14,Part 2,1169.60364,1205.49988,35.896240000000034,True,False,-15.682910000000703,True,False,0,UP
participant_18,Q15,Part 1,1205.49988,1226.98218,21.482299999999896,True,False,-50.906236250000276,True,False,1,NP
participant_18,Q2,Part 1,305.2514,395.15036,89.89895999999999,True,False,-33.965244999999996,True,False,1,NP
participant_18,Q3,Part 2,395.15036,431.49649,36.34613000000002,True,False,-5.320869999999928,True,False,0,UP
participant_18,Q4,Part 2,431.62424,503.87979,72.25555000000003,True,False,-13.903517500000689,True,False,1,NP
participant_18,Q5,Part 2,503.87979,581.78271,77.90291999999994,True,False,-32.73799000000031,True,False,0,NA_no_correct
participant_18,Q6,Part 1,581.78271,674.95142,93.16871000000003,True,False,-16.519989999999503,True,False,1,NP
participant_18,Q7,Part 2,674.95142,758.19922,83.24779999999998,True,False,-19.128347499999308,True,False,0,UP
participant_18,Q8,Part 2,758.19922,841.84894,83.64972,True,False,-13.50669250000017,True,False,0,UP
participant_18,Q9,Part 1,841.84894,901.43201,59.58307000000002,True,False,14.444062500000342,True,False,1,NP
participant_19,Q1,Part 1,90.80253,174.99591,84.19338,True,False,-15.267338749999706,True,False,0,UP
participant_19,Q2,Part 1,174.99591,256.91766,81.92175,True,False,-33.965244999999996,True,False,1,NP
participant_19,Q3,Part 2,256.91766,303.73502,46.81736000000001,True,False,-5.320869999999928,True,False,0,UP
participant_19,Q4,Part 2,303.73502,328.12332,24.38829999999996,True,False,-13.903517500000689,True,False,0,UP
participant_19,Q5,Part 2,328.12332,701.74152,373.61820000000006,True,False,-32.73799000000031,True,False,0,NA_no_correct
participant_2,Q1,Part 1,64.17496,112.75873,48.58377,True,False,-15.267338749999706,True,False,1,NP
participant_2,Q13,Part 2,785.88281,876.7337,90.85089000000005,True,False,-59.499320000000125,True,False,0,UP
participant_2,Q14,Part 1,876.7337,913.51477,36.78107,True,False,-14.439928750000348,True,False,1,NP
participant_2,Q15,Part 1,913.51477,1000.34021,86.82543999999996,True,False,-50.906236250000276,True,False,0,UP
participant_2,Q2,Part 2,112.75873,159.55391,46.79518,True,False,5.275629999999509,True,False,1,NP
participant_2,Q3,Part 1,159.55391,225.04417,65.49026,True,False,22.222594999999387,True,False,1,NP
participant_2,Q4,Part 2,225.04417,259.71548,34.671310000000005,True,False,-13.903517500000689,True,False,1,NP
participant_2,Q5,Part 2,259.71548,304.99673,45.28125,True,False,-32.73799000000031,True,False,0,NA_no_correct
participant_2,Q6,Part 2,320.06772,391.34573,71.27801,True,False,-2.641577499999663,True,False,0,UP
participant_2,Q7,Part 2,391.34573,481.57391,90.22818000000001,True,False,-19.128347499999308,True,False,0,UP
participant_2,Q8,Part 2,481.57391,537.62616,56.052250000000015,True,False,-13.50669250000017,True,False,0,UP
participant_2,Q9,Part 2,537.62616,625.89764,88.27148,True,False,-43.915629999999766,True,False,0,UP
participant_20,Q1,Part 2,578.7309,806.73871,228.00780999999995,True,False,-50.36236749999948,True,False,1,NP
participant_20,Q10,Part 2,1341.1073,1425.95056,84.8432600000001,True,False,21.069950000000233,True,False,1,UP
participant_20,Q11,Part 1,1425.95056,1517.2312,91.28063999999995,True,False,-23.071896249999938,True,False,1,NP
participant_20,Q12,Part 1,1517.2312,1554.91541,37.68421000000012,True,False,-33.935123749999576,True,False,1,NP
participant_20,Q13,Part 2,1554.91541,1600.82617,45.91075999999998,True,False,-59.499320000000125,True,False,1,NP
participant_20,Q14,Part 1,1600.82617,1657.70288,56.87671,True,False,-14.439928750000348,True,False,1,NP
participant_20,Q15,Part 2,1657.70288,1676.43787,18.734989999999925,True,False,-7.538450000000111,True,False,1,NP
participant_20,Q2,Part 2,807.52246,849.64984,42.12738000000002,True,False,5.275629999999509,True,False,0,UP
participant_20,Q3,Part 1,849.64984,918.26117,68.61132999999995,True,False,22.222594999999387,True,False,1,NP
participant_20,Q4,Part 1,918.26117,987.61743,69.35626000000002,True,False,2.085678749999964,True,False,1,NP
participant_20,Q5,Part 2,987.61743,1037.4668,49.84936999999991,True,False,-32.73799000000031,True,False,0,NA_no_correct
participant_20,Q6,Part 2,1037.4668,1128.29822,90.83141999999998,True,False,-2.641577499999663,True,False,0,UP
participant_20,Q7,Part 2,1128.29822,1178.19495,49.89673000000016,True,False,-19.128347499999308,True,False,0,UP
participant_20,Q8,Part 2,1178.19495,1260.65271,82.45776000000001,True,False,-13.50669250000017,True,False,0,UP
participant_20,Q9,Part 2,1260.65271,1341.1073,80.45458999999983,True,False,-43.915629999999766,True,False,0,UP
participant_21,Q1,Part 2,2066.50757,2168.24365,101.73607999999967,True,False,-50.36236749999948,True,False,1,NP
participant_21,Q10,Part 1,2588.93164,2673.95435,85.02271000000019,True,False,-24.730319999999836,True,False,1,NP
participant_21,Q11,Part 2,2673.95435,2753.35059,79.39624000000003,True,False,-40.907541250000634,True,False,0,UP
participant_21,Q12,Part 1,2753.35059,2837.89185,84.54125999999997,True,False,-33.935123749999576,True,False,1,NP
participant_21,Q13,Part 2,2837.89185,2863.26538,25.373529999999846,True,False,-59.499320000000125,True,False,0,UP
participant_21,Q14,Part 2,2863.26538,2879.01294,15.747560000000249,True,False,-15.682910000000703,True,False,1,NP
participant_21,Q15,Part 2,2879.01294,2910.70361,31.690669999999955,True,False,-7.538450000000111,True,False,0,UP
participant_21,Q2,Part 2,2168.24365,2205.94263,37.69898000000012,True,False,5.275629999999509,True,False,1,NP
participant_21,Q3,Part 1,2205.94263,2268.67993,62.73729999999978,True,False,22.222594999999387,True,False,1,NP
participant_21,Q4,Part 1,2268.67993,2346.91089,78.23096000000032,True,False,2.085678749999964,True,False,1,NP
participant_21,Q5,Part 2,2347.35327,2371.32617,23.972899999999754,True,False,-32.73799000000031,True,False,0,NA_no_correct
participant_21,Q6,Part 2,2371.32617,2454.02563,82.69946000000027,True,False,-2.641577499999663,True,False,1,NP
participant_21,Q7,Part 1,2454.02563,2484.73755,30.711919999999736,True,False,9.099355000000855,True,False,1,NP
participant_21,Q8,Part 2,2484.73755,2543.6167,58.87915000000021,True,False,-13.50669250000017,True,False,0,UP
participant_21,Q9,Part 2,2543.6167,2588.93164,45.31493999999975,True,False,-43.915629999999766,True,False,0,UP
participant_22,Q1,Part 1,25.33086,103.88533,78.55447,True,False,-15.267338749999706,True,False,1,NP
participant_22,Q10,Part 1,593.26398,661.07166,67.80768,True,False,-24.730319999999836,True,False,1,NP
participant_22,Q11,Part 2,661.07166,679.65448,18.582820000000083,True,False,-40.907541250000634,True,False,0,UP
participant_22,Q12,Part 2,679.65448,709.81555,30.161069999999995,True,False,-25.296670000000063,True,False,0,UP
participant_22,Q13,Part 1,709.81555,741.6405,31.824949999999944,True,False,-36.89351500000005,True,False,1,NP
participant_22,Q14,Part 2,741.6405,806.26013,64.61963000000003,True,False,-15.682910000000703,True,False,1,NP
participant_22,Q15,Part 2,806.26013,828.39832,22.13819000000001,True,False,-7.538450000000111,True,False,1,NP
participant_22,Q2,Part 2,103.88533,235.7224,131.83706999999998,True,False,5.275629999999509,True,False,1,UP
participant_22,Q3,Part 2,235.7224,299.84653,64.12412999999998,True,False,-5.320869999999928,True,False,0,UP
participant_22,Q4,Part 1,299.84653,358.02859,58.182060000000035,True,False,2.085678749999964,True,False,1,NP
participant_22,Q5,Part 2,358.02859,409.00391,50.97532000000001,True,False,-32.73799000000031,True,False,0,NA_no_correct
participant_22,Q6,Part 2,409.00391,480.46918,71.46526999999998,True,False,-2.641577499999663,True,False,0,UP
participant_22,Q7,Part 1,480.46918,519.88281,39.413629999999955,True,False,9.099355000000855,True,False,1,NP
participant_22,Q8,Part 2,519.88281,543.59491,23.712100000000078,True,False,-13.50669250000017,True,False,0,UP
participant_22,Q9,Part 2,543.59491,593.26398,49.66906999999992,True,False,-43.915629999999766,True,False,0,UP
participant_23,Q1,Part 2,1042.33289,1214.07312,171.7402300000001,True,False,-50.36236749999948,True,False,1,NP
participant_23,Q10,Part 2,1927.76208,1987.13025,59.368169999999964,True,False,21.069950000000233,True,False,1,NP
participant_23,Q11,Part 1,1987.13025,2055.50757,68.37732000000028,True,False,-23.071896249999938,True,False,0,UP
participant_23,Q12,Part 1,2055.50757,2141.99072,86.48314999999957,True,False,-33.935123749999576,True,False,0,UP
participant_23,Q13,Part 2,2142.6936,2231.70215,89.00855000000001,True,False,-59.499320000000125,True,False,0,UP
participant_23,Q14,Part 2,2231.70215,2272.32812,40.62597000000005,True,False,-15.682910000000703,True,False,1,NP
participant_23,Q15,Part 2,2272.32812,2308.89502,36.566899999999805,True,False,-7.538450000000111,True,False,0,UP
participant_23,Q2,Part 2,1214.07312,1285.29675,71.22362999999996,True,False,5.275629999999509,True,False,1,NP
participant_23,Q3,Part 2,1285.29675,1462.32275,177.02600000000007,True,False,-5.320869999999928,True,False,0,UP
participant_23,Q4,Part 1,1462.32275,1507.16882,44.846070000000054,True,False,2.085678749999964,True,False,1,NP
participant_23,Q5,Part 2,1507.16882,1582.96143,75.79260999999997,True,False,-32.73799000000031,True,False,0,NA_no_correct
participant_23,Q6,Part 1,1582.96143,1679.8136,96.85216999999989,True,False,-16.519989999999503,True,False,1,NP
participant_23,Q7,Part 1,1679.8136,1760.74377,80.93017000000009,True,False,9.099355000000855,True,False,0,UP
participant_23,Q8,Part 2,1760.74377,1841.76807,81.02430000000004,True,False,-13.50669250000017,True,False,0,UP
participant_23,Q9,Part 2,1841.76807,1927.76208,85.99400999999989,True,False,-43.915629999999766,True,False,1,NP
participant_24,Q1,Part 2,2589.76978,2619.53979,29.77000999999973,True,False,-50.36236749999948,True,False,0,UP
participant_24,Q10,Part 2,2939.22217,3009.43628,70.21410999999989,True,False,21.069950000000233,True,False,0,UP
participant_24,Q11,Part 1,3009.43628,3037.07227,27.63599000000022,True,False,-23.071896249999938,True,False,0,UP
participant_24,Q12,Part 1,3037.07227,3073.7876,36.715329999999994,True,False,-33.935123749999576,True,False,1,NP
participant_24,Q13,Part 1,3073.7876,3097.42554,23.63794000000007,True,False,-36.89351500000005,True,False,0,UP
participant_24,Q14,Part 2,3097.42554,3128.21802,30.792479999999614,True,False,-15.682910000000703,True,False,0,UP
participant_24,Q15,Part 2,3128.21802,3164.77783,36.5598100000002,True,False,-7.538450000000111,True,False,0,UP
participant_24,Q2,Part 2,2619.53979,2670.64917,51.10938000000033,True,False,5.275629999999509,True,False,0,UP
participant_24,Q3,Part 1,2670.64917,2709.37231,38.72314000000006,True,False,22.222594999999387,True,False,0,UP
participant_24,Q4,Part 2,2709.37231,2740.22559,30.853279999999813,True,False,-13.903517500000689,True,False,0,UP
participant_24,Q5,Part 1,2740.22559,2770.79834,30.572749999999814,True,False,-17.558350000001838,True,False,0,NA_no_correct
participant_24,Q6,Part 2,2770.79834,2839.32202,68.52368000000024,True,False,-2.641577499999663,True,False,0,UP
participant_24,Q7,Part 2,2839.32202,2872.19775,32.87572999999975,True,False,-19.128347499999308,True,False,0,UP
participant_24,Q8,Part 2,2872.19775,2922.63037,50.43262000000004,True,False,-13.50669250000017,True,False,0,UP
participant_24,Q9,Part 2,2922.63037,2939.22217,16.59180000000015,True,False,-43.915629999999766,True,False,0,UP
participant_25,Q1,Part 1,3460.3855,3506.1958,45.8103000000001,True,False,-15.267338749999706,True,False,0,UP
participant_25,Q10,Part 2,3925.18823,3980.08813,54.89989999999989,True,False,21.069950000000233,True,False,0,UP
participant_25,Q11,Part 2,3980.08813,4035.1355,55.04736999999977,True,False,-40.907541250000634,True,False,0,UP
participant_25,Q12,Part 1,4035.1355,4072.96826,37.832760000000235,True,False,-33.935123749999576,True,False,0,UP
participant_25,Q13,Part 2,4072.96826,4129.97217,57.003909999999905,True,False,-59.499320000000125,True,False,0,UP
participant_25,Q14,Part 2,4129.97217,4182.64258,52.67040999999972,True,False,-15.682910000000703,True,False,1,NP
participant_25,Q15,Part 2,4182.64258,4212.34229,29.699709999999868,True,False,-7.538450000000111,True,False,0,UP
participant_25,Q2,Part 1,3506.1958,3529.64722,23.45141999999987,True,False,-33.965244999999996,True,False,1,NP
participant_25,Q3,Part 2,3529.64722,3592.37085,62.72362999999996,True,False,-5.320869999999928,True,False,1,NP
participant_25,Q4,Part 2,3592.37085,3640.59277,48.22192000000041,True,False,-13.903517500000689,True,False,0,UP
participant_25,Q5,Part 2,3640.59277,3687.13354,46.54076999999961,True,False,-32.73799000000031,True,False,0,NA_no_correct
participant_25,Q6,Part 2,3687.13354,3751.69238,64.55884000000015,True,False,-2.641577499999663,True,False,1,NP
participant_25,Q7,Part 2,3751.69238,3795.32642,43.634039999999914,True,False,-19.128347499999308,True,False,1,NP
participant_25,Q8,Part 1,3795.32642,3843.1084,47.7819800000002,True,False,12.627906249999654,True,False,1,NP
participant_25,Q9,Part 1,3843.1084,3925.18823,82.07983000000013,True,False,14.444062500000342,True,False,0,UP
participant_26,Q1,Part 2,4425.82715,4447.36963,21.54248000000007,True,False,-50.36236749999948,True,False,1,NP
participant_26,Q10,Part 2,4635.76172,4644.38965,8.627929999999651,True,False,21.069950000000233,False,True,0,INVALID
participant_26,Q11,Part 2,4644.38965,4707.17383,62.78417999999965,True,False,-40.907541250000634,True,False,0,UP
participant_26,Q12,Part 2,4707.17383,4729.02441,21.850580000000264,True,False,-25.296670000000063,True,False,0,UP
participant_26,Q13,Part 1,4729.02441,4800.25537,71.23095999999987,True,False,-36.89351500000005,True,False,1,NP
participant_26,Q14,Part 2,4800.25537,4859.91113,59.655760000000555,True,False,-15.682910000000703,True,False,1,NP
participant_26,Q15,Part 1,4859.91113,4876.36914,16.458009999999376,True,False,-50.906236250000276,True,False,1,NP
participant_26,Q2,Part 2,4447.36963,4477.5459,30.17626999999993,True,False,5.275629999999509,True,False,0,UP
participant_26,Q3,Part 2,4477.5459,4504.45996,26.914060000000063,True,False,-5.320869999999928,True,False,1,NP
participant_26,Q4,Part 2,4504.45996,4513.54297,9.083010000000286,True,False,-13.903517500000689,True,False,1,NP
participant_26,Q5,Part 1,4513.54297,4524.86328,11.320309999999154,True,False,-17.558350000001838,True,False,0,NA_no_correct
participant_26,Q6,Part 1,4524.86328,4568.8916,44.02832000000035,True,False,-16.519989999999503,True,False,1,NP
participant_26,Q7,Part 2,4568.8916,4584.98145,16.089850000000297,True,False,-19.128347499999308,True,False,0,UP
participant_26,Q8,Part 1,4584.98145,4625.57373,40.592279999999846,True,False,12.627906249999654,True,False,1,NP
participant_26,Q9,Part 2,4625.57373,4635.76172,10.187990000000354,True,False,-43.915629999999766,True,False,1,NP
participant_27,Q1,Part 1,5774.33887,5797.07227,22.733400000000074,True,False,-15.267338749999706,True,False,1,NP
participant_27,Q10,Part 1,6078.50586,6109.29834,30.79248000000007,True,False,-24.730319999999836,True,False,1,NP
participant_27,Q11,Part 2,6109.29834,6151.9873,42.6889599999995,True,False,-40.907541250000634,True,False,1,NP
participant_27,Q12,Part 2,6151.9873,6207.91309,55.925790000000234,True,False,-25.296670000000063,True,False,0,UP
participant_27,Q13,Part 1,6207.91309,6292.88867,84.97558000000026,True,False,-36.89351500000005,True,False,1,NP
participant_27,Q14,Part 2,6292.88867,6348.22412,55.33544999999958,True,False,-15.682910000000703,True,False,0,UP
participant_27,Q15,Part 1,6348.22412,6383.0625,34.83838000000014,True,False,-50.906236250000276,True,False,1,NP
participant_27,Q2,Part 2,5797.07227,5819.14404,22.07177000000047,True,False,5.275629999999509,True,False,0,UP
participant_27,Q3,Part 1,5819.14404,5872.8916,53.747559999999794,True,False,22.222594999999387,True,False,1,NP
participant_27,Q4,Part 2,5872.8916,5915.5,42.608400000000074,True,False,-13.903517500000689,True,False,1,NP
participant_27,Q5,Part 2,5915.5,5947.88037,32.38036999999986,True,False,-32.73799000000031,True,False,0,NA_no_correct
participant_27,Q6,Part 2,5947.88037,5980.87012,32.98974999999973,True,False,-2.641577499999663,True,False,0,UP
participant_27,Q7,Part 2,5980.87012,6016.91406,36.043940000000475,True,False,-19.128347499999308,True,False,1,NP
participant_27,Q8,Part 2,6016.91406,6064.43945,47.52538999999979,True,False,-13.50669250000017,True,False,1,NP
participant_27,Q9,Part 2,6064.43945,6078.50586,14.06641000000036,True,False,-43.915629999999766,True,False,1,NP
participant_28,Q1,Part 2,359.75473,416.88913,57.13440000000003,True,False,-50.36236749999948,True,False,0,UP
participant_28,Q10,Part 2,912.43475,996.10522,83.67047000000002,True,False,21.069950000000233,True,False,0,UP
participant_28,Q11,Part 2,996.10522,1067.72498,71.61975999999993,True,False,-40.907541250000634,True,False,0,UP
participant_28,Q12,Part 2,1067.72498,1101.54541,33.82042999999999,True,False,-25.296670000000063,True,False,0,UP
participant_28,Q13,Part 2,1101.54541,1185.77148,84.22607000000016,True,False,-59.499320000000125,True,False,0,UP
participant_28,Q14,Part 2,1185.77148,1272.75903,86.98754999999983,True,False,-15.682910000000703,True,False,1,NP
participant_28,Q15,Part 2,1272.75903,1311.60852,38.84949000000006,True,False,-7.538450000000111,True,False,0,UP
participant_28,Q2,Part 1,416.88913,463.26382,46.37468999999999,True,False,-33.965244999999996,True,False,1,NP
participant_28,Q3,Part 1,463.26382,563.84692,100.58309999999994,True,False,22.222594999999387,True,False,1,UP
participant_28,Q4,Part 2,563.84692,582.54968,18.702760000000012,True,False,-13.903517500000689,True,False,1,NP
participant_28,Q5,Part 2,582.54968,678.53204,95.98236000000009,True,False,-32.73799000000031,True,False,0,NA_no_correct
participant_28,Q6,Part 2,678.53204,768.37097,89.83893,True,False,-2.641577499999663,True,False,0,UP
participant_28,Q7,Part 1,768.77283,799.37128,30.598449999999957,True,False,9.099355000000855,True,False,1,NP
participant_28,Q8,Part 1,799.37128,847.80353,48.43225000000007,True,False,12.627906249999654,True,False,1,NP
participant_28,Q9,Part 1,847.80353,912.43475,64.63121999999998,True,False,14.444062500000342,True,False,0,UP
participant_29,Q1,Part 2,98.0305,154.89355,56.86305,True,False,-50.36236749999948,True,False,0,UP
participant_29,Q10,Part 2,337.35898,351.63376,14.274780000000021,True,False,21.069950000000233,False,True,0,INVALID
participant_29,Q11,Part 2,351.63376,360.16751,8.533749999999998,True,False,-40.907541250000634,True,False,0,UP
participant_29,Q12,Part 2,360.16751,376.55847,16.390960000000007,True,False,-25.296670000000063,True,False,0,UP
participant_29,Q13,Part 1,376.55847,388.46826,11.909789999999987,True,False,-36.89351500000005,True,False,0,UP
participant_29,Q14,Part 2,388.46826,405.10721,16.638950000000023,True,False,-15.682910000000703,True,False,0,UP
participant_29,Q15,Part 1,405.10721,427.07108,21.963869999999986,True,False,-50.906236250000276,True,False,0,UP
participant_29,Q2,Part 2,154.89355,187.66943,32.77588,True,False,5.275629999999509,True,False,0,UP
participant_29,Q3,Part 2,187.66943,231.87263,44.20319999999998,True,False,-5.320869999999928,True,False,0,UP
participant_29,Q4,Part 1,231.87263,272.45135,40.578720000000004,True,False,2.085678749999964,True,False,0,UP
participant_29,Q5,Part 1,272.45135,280.7103,8.258950000000027,True,False,-17.558350000001838,True,False,0,NA_no_correct
participant_29,Q6,Part 2,290.94574,297.81836,6.8726199999999835,True,False,-2.641577499999663,True,False,0,UP
participant_29,Q7,Part 2,297.81836,310.00281,12.184450000000027,True,False,-19.128347499999308,True,False,0,UP
participant_29,Q8,Part 1,310.00281,323.78149,13.778680000000008,True,False,12.627906249999654,True,False,0,UP
participant_29,Q9,Part 2,323.78149,337.35898,13.577489999999955,True,False,-43.915629999999766,True,False,0,UP
participant_3,Q1,Part 2,1388.44543,1426.3125,37.86707000000001,True,False,-50.36236749999948,True,False,0,UP
participant_3,Q10,Part 1,1909.50281,1936.34949,26.846680000000106,True,False,-24.730319999999836,True,False,1,NP
participant_3,Q11,Part 1,1936.34949,1977.1637,40.81421,True,False,-23.071896249999938,True,False,0,UP
participant_3,Q12,Part 2,1977.1637,2016.53711,39.37340999999992,True,False,-25.296670000000063,True,False,0,UP
participant_3,Q13,Part 2,2016.53711,2067.67944,51.1423299999999,True,False,-59.499320000000125,True,False,0,UP
participant_3,Q14,Part 2,2067.67944,2125.91553,58.23609000000033,True,False,-15.682910000000703,True,False,1,NP
participant_3,Q15,Part 1,2125.91553,2198.05078,72.13524999999981,True,False,-50.906236250000276,True,False,0,UP
participant_3,Q2,Part 2,1426.3125,1464.34241,38.02990999999997,True,False,5.275629999999509,True,False,0,UP
participant_3,Q3,Part 1,1464.34241,1499.40515,35.062740000000076,True,False,22.222594999999387,True,False,1,NP
participant_3,Q4,Part 2,1499.40515,1559.10205,59.696899999999914,True,False,-13.903517500000689,True,False,0,UP
participant_3,Q5,Part 2,1559.10205,1678.36707,119.26502000000005,True,False,-32.73799000000031,True,False,0,NA_no_correct
participant_3,Q6,Part 1,1678.36707,1753.12146,74.75439000000006,True,False,-16.519989999999503,True,False,1,NP
participant_3,Q7,Part 2,1753.12146,1827.22583,74.10437000000002,True,False,-19.128347499999308,True,False,0,UP
participant_3,Q8,Part 2,1827.22583,1885.12024,57.89440999999988,True,False,-13.50669250000017,True,False,1,NP
participant_3,Q9,Part 2,1885.12024,1909.50281,24.382569999999987,True,False,-43.915629999999766,True,False,0,UP
participant_30,Q1,Part 2,48.47074,98.80319,50.33245,True,False,-50.36236749999948,True,False,1,NP
participant_30,Q11,Part 2,502.36465,519.16516,16.80051000000003,True,False,-40.907541250000634,True,False,1,NP
participant_30,Q13,Part 1,568.14349,594.23389,26.09039999999993,True,False,-36.89351500000005,True,False,0,UP
participant_30,Q14,Part 2,594.56854,616.93488,22.366340000000037,True,False,-15.682910000000703,True,False,0,UP
participant_30,Q15,Part 2,616.93488,700.16949,83.23460999999998,True,False,-7.538450000000111,True,False,0,UP
participant_30,Q2,Part 1,98.80319,120.73381,21.930620000000005,True,False,-33.965244999999996,True,False,1,NP
participant_30,Q3,Part 2,122.93056,136.56227,13.631710000000012,True,False,-5.320869999999928,True,False,1,NP
participant_30,Q4,Part 1,136.56227,196.22543,59.663159999999976,True,False,2.085678749999964,True,False,1,NP
participant_30,Q5,Part 2,196.22543,232.40375,36.178320000000014,True,False,-32.73799000000031,True,False,0,NA_no_correct
participant_30,Q6,Part 2,239.97295,277.66516,37.69221000000002,True,False,-2.641577499999663,True,False,1,NP
participant_30,Q9,Part 1,394.5596,434.14743,39.58783,True,False,14.444062500000342,True,False,0,UP
participant_4,Q1,Part 1,2732.20264,2759.32495,27.122310000000198,True,False,-15.267338749999706,True,False,1,NP
participant_4,Q10,Part 1,3094.72827,3178.58569,83.85741999999982,True,False,-24.730319999999836,True,False,1,NP
participant_4,Q11,Part 1,3178.58569,3209.63989,31.054200000000037,True,False,-23.071896249999938,True,False,1,NP
participant_4,Q12,Part 2,3209.63989,3224.34253,14.702639999999974,True,False,-25.296670000000063,True,False,0,UP
participant_4,Q13,Part 2,3224.34253,3236.39966,12.057130000000143,True,False,-59.499320000000125,True,False,1,NP
participant_4,Q14,Part 2,3236.39966,3298.68848,62.28881999999976,True,False,-15.682910000000703,True,False,0,UP
participant_4,Q2,Part 2,2759.32495,2792.25439,32.929439999999886,True,False,5.275629999999509,True,False,1,NP
participant_4,Q3,Part 2,2792.25439,2818.29785,26.043459999999868,True,False,-5.320869999999928,True,False,1,NP
participant_4,Q4,Part 2,2818.29785,2842.18433,23.88648000000012,True,False,-13.903517500000689,True,False,0,UP
participant_4,Q5,Part 2,2842.18433,2892.07495,49.890620000000126,True,False,-32.73799000000031,True,False,0,NA_no_correct
participant_4,Q6,Part 1,2892.07495,2919.22217,27.147219999999834,True,False,-16.519989999999503,True,False,1,NP
participant_4,Q7,Part 2,2919.22217,3006.16797,86.94579999999996,True,False,-19.128347499999308,True,False,0,UP
participant_4,Q8,Part 2,3006.16797,3042.05884,35.89087000000018,True,False,-13.50669250000017,True,False,0,UP
participant_4,Q9,Part 2,3042.05884,3094.72827,52.66942999999992,True,False,-43.915629999999766,True,False,0,UP
participant_5,Q1,Part 2,4715.14307,4788.28271,73.13964000000033,True,False,-50.36236749999948,True,False,0,UP
participant_5,Q10,Part 2,5274.06592,5296.38525,22.319330000000264,True,False,21.069950000000233,True,False,0,UP
participant_5,Q11,Part 2,5296.38525,5315.47607,19.09081999999944,True,False,-40.907541250000634,True,False,0,UP
participant_5,Q12,Part 2,5315.47607,5387.20947,71.73340000000007,True,False,-25.296670000000063,True,False,0,UP
participant_5,Q13,Part 1,5387.20947,5450.00049,62.79102000000057,True,False,-36.89351500000005,True,False,1,NP
participant_5,Q14,Part 1,5450.00049,5491.49756,41.49706999999944,True,False,-14.439928750000348,True,False,1,NP
participant_5,Q15,Part 2,5491.49756,5516.48877,24.991210000000137,True,False,-7.538450000000111,True,False,1,NP
participant_5,Q2,Part 2,4788.28271,4868.96533,80.68261999999959,True,False,5.275629999999509,True,False,1,NP
participant_5,Q3,Part 1,4868.96533,5019.37207,150.40674000000035,True,False,22.222594999999387,True,False,1,UP
participant_5,Q4,Part 2,5019.37207,5064.64209,45.27001999999993,True,False,-13.903517500000689,True,False,1,NP
participant_5,Q5,Part 1,5064.64209,5075.57861,10.936519999999291,True,False,-17.558350000001838,True,False,0,NA_no_correct
participant_5,Q6,Part 2,5075.57861,5122.91602,47.33741000000009,True,False,-2.641577499999663,True,False,0,UP
participant_5,Q7,Part 2,5122.91602,5183.75146,60.835440000000744,True,False,-19.128347499999308,True,False,1,NP
participant_5,Q8,Part 2,5183.75146,5212.1123,28.36083999999937,True,False,-13.50669250000017,True,False,0,UP
participant_5,Q9,Part 1,5212.1123,5274.06592,61.95362000000023,True,False,14.444062500000342,True,False,1,NP
participant_6,Q1,Part 2,5991.78516,6046.68848,54.90331999999944,True,False,-50.36236749999948,True,False,0,UP
participant_6,Q10,Part 2,6492.52881,6547.34863,54.81982000000062,True,False,21.069950000000233,True,False,0,UP
participant_6,Q11,Part 2,6547.34863,6578.20117,30.852539999999863,True,False,-40.907541250000634,True,False,0,UP
participant_6,Q12,Part 2,6578.20117,6650.51074,72.30956999999944,True,False,-25.296670000000063,True,False,0,UP
participant_6,Q13,Part 2,6650.51074,6736.40479,85.89404999999988,True,False,-59.499320000000125,True,False,1,NP
participant_6,Q14,Part 1,6736.40479,6756.08643,19.681640000000698,True,False,-14.439928750000348,True,False,1,NP
participant_6,Q15,Part 2,6756.08643,6843.3584,87.27196999999978,True,False,-7.538450000000111,True,False,1,UP
participant_6,Q2,Part 1,6046.68848,6138.86572,92.17723999999998,True,False,-33.965244999999996,True,False,1,NP
participant_6,Q3,Part 2,6138.86572,6196.88672,58.02100000000064,True,False,-5.320869999999928,True,False,1,NP
participant_6,Q4,Part 2,6197.15479,6239.36865,42.21386000000075,True,False,-13.903517500000689,True,False,0,UP
participant_6,Q5,Part 2,6239.36865,6270.13477,30.76611999999932,True,False,-32.73799000000031,True,False,0,NA_no_correct
participant_6,Q6,Part 1,6270.13477,6313.35938,43.22461000000021,True,False,-16.519989999999503,True,False,1,NP
participant_6,Q7,Part 1,6313.35938,6342.40332,29.043940000000475,True,False,9.099355000000855,True,False,1,NP
participant_6,Q8,Part 2,6342.40332,6427.4668,85.0634799999998,True,False,-13.50669250000017,True,False,0,UP
participant_6,Q9,Part 1,6427.4668,6492.52881,65.06200999999965,True,False,14.444062500000342,True,False,0,UP
participant_7,Q1,Part 2,87.61711,137.15276,49.535650000000004,True,False,-50.36236749999948,True,False,0,UP
participant_7,Q10,Part 1,533.7818,577.71045,43.92865000000006,True,False,-24.730319999999836,True,False,1,NP
participant_7,Q11,Part 2,577.71045,630.2395,52.529049999999984,True,False,-40.907541250000634,True,False,0,UP
participant_7,Q12,Part 2,630.2395,700.09125,69.85174999999992,True,False,-25.296670000000063,True,False,0,UP
participant_7,Q13,Part 2,700.09125,784.29187,84.20062000000007,True,False,-59.499320000000125,True,False,0,UP
participant_7,Q14,Part 2,784.29187,826.11597,41.82409999999993,True,False,-15.682910000000703,True,False,0,UP
participant_7,Q15,Part 1,826.11597,869.44763,43.331660000000056,True,False,-50.906236250000276,True,False,0,UP
participant_7,Q2,Part 1,137.15276,177.04852,39.895759999999996,True,False,-33.965244999999996,True,False,0,UP
participant_7,Q3,Part 2,177.04852,219.88651,42.83798999999999,True,False,-5.320869999999928,True,False,0,UP
participant_7,Q4,Part 2,219.88651,266.88153,46.99502000000001,True,False,-13.903517500000689,True,False,1,NP
participant_7,Q5,Part 1,266.88153,322.30508,55.42354999999998,True,False,-17.558350000001838,True,False,0,NA_no_correct
participant_7,Q6,Part 2,322.30508,384.97552,62.67044000000004,True,False,-2.641577499999663,True,False,0,UP
participant_7,Q7,Part 2,384.97552,428.92422,43.948699999999974,True,False,-19.128347499999308,True,False,0,UP
participant_7,Q8,Part 1,428.92422,461.5123,32.58807999999999,True,False,12.627906249999654,True,False,0,UP
participant_7,Q9,Part 2,461.5123,533.7818,72.2695,True,False,-43.915629999999766,True,False,1,NP
participant_8,Q1,Part 2,1355.76172,1394.07678,38.31506000000013,True,False,-50.36236749999948,True,False,0,UP
participant_8,Q10,Part 2,1836.68896,1888.03284,51.34388000000013,True,False,21.069950000000233,True,False,0,UP
participant_8,Q11,Part 2,1888.03284,1945.57251,57.53966999999989,True,False,-40.907541250000634,True,False,0,UP
participant_8,Q12,Part 2,1945.57251,1999.95056,54.37805000000003,True,False,-25.296670000000063,True,False,0,UP
participant_8,Q13,Part 2,1999.95056,2044.28748,44.336919999999964,True,False,-59.499320000000125,True,False,0,UP
participant_8,Q14,Part 2,2044.28748,2120.80347,76.51598999999987,True,False,-15.682910000000703,True,False,0,UP
participant_8,Q15,Part 1,2120.80347,2197.96948,77.16601000000037,True,False,-50.906236250000276,True,False,1,NP
participant_8,Q2,Part 1,1394.07678,1463.47937,69.40258999999992,True,False,-33.965244999999996,True,False,0,UP
participant_8,Q3,Part 1,1463.47937,1516.31665,52.837279999999964,True,False,22.222594999999387,True,False,0,UP
participant_8,Q4,Part 2,1516.31665,1574.87476,58.55810999999994,True,False,-13.903517500000689,True,False,0,UP
participant_8,Q5,Part 2,1574.87476,1630.92664,56.05187999999998,True,False,-32.73799000000031,True,False,0,NA_no_correct
participant_8,Q6,Part 2,1637.90002,1693.9325,56.03247999999985,True,False,-2.641577499999663,True,False,0,UP
participant_8,Q7,Part 1,1693.9325,1736.27283,42.34033000000022,True,False,9.099355000000855,True,False,1,NP
participant_8,Q8,Part 1,1736.27283,1789.93408,53.66124999999988,True,False,12.627906249999654,True,False,0,UP
participant_8,Q9,Part 2,1789.93408,1836.68896,46.75487999999996,True,False,-43.915629999999766,True,False,0,UP
participant_9,Q1,Part 2,2820.06665,2883.31348,63.24682999999959,True,False,-50.36236749999948,True,False,0,UP
participant_9,Q10,Part 1,3256.65747,3290.0686,33.41112999999996,True,False,-24.730319999999836,True,False,1,NP
participant_9,Q11,Part 2,3290.71875,3304.36304,13.644290000000183,True,False,-40.907541250000634,True,False,0,UP
participant_9,Q12,Part 2,3304.36304,3337.38672,33.023679999999786,True,False,-25.296670000000063,True,False,1,NP
participant_9,Q13,Part 1,3337.38672,3420.09888,82.71216000000004,True,False,-36.89351500000005,True,False,1,NP
participant_9,Q14,Part 2,3420.09888,3438.41919,18.320310000000063,True,False,-15.682910000000703,True,False,1,NP
participant_9,Q15,Part 2,3438.41919,3469.28516,30.865969999999834,True,False,-7.538450000000111,True,False,0,UP
participant_9,Q2,Part 2,2883.31348,2929.09741,45.783930000000055,True,False,5.275629999999509,True,False,1,NP
participant_9,Q3,Part 1,2929.09741,3002.34448,73.24707000000035,True,False,22.222594999999387,True,False,1,NP
participant_9,Q4,Part 2,3002.34448,3029.39941,27.054929999999786,True,False,-13.903517500000689,True,False,1,NP
participant_9,Q5,Part 2,3029.39941,3059.87769,30.478279999999813,True,False,-32.73799000000031,True,False,0,NA_no_correct
participant_9,Q6,Part 1,3059.87769,3110.6582,50.78051000000005,True,False,-16.519989999999503,True,False,1,NP
participant_9,Q7,Part 1,3110.6582,3129.84937,19.191170000000056,True,False,9.099355000000855,True,False,1,NP
participant_9,Q8,Part 2,3129.84937,3172.94946,43.10008999999991,True,False,-13.50669250000017,True,False,0,UP
participant_9,Q9,Part 2,3172.94946,3256.65747,83.70801000000029,True,False,-43.915629999999766,True,False,1,NP
