participant_id,question_id,ta,part,answered,t_end,randomness_label,randomness_label_num,t_answer
participant_1,question_1,0.0991503900000007,Timer-Correct,1,61.42,NOT_RANDOM,0,61.32084961
participant_1,question_10,0.014221679999999652,Timer-No-Correct,1,84.9,RANDOM,1,84.88577832
participant_1,question_11,0.02862891000000036,Timer-Correct,1,82.33,NOT_RANDOM,0,82.30137109
participant_1,question_12,0.022239749999999732,Timer-No-Correct,1,86.17,RANDOM,1,86.14776025
participant_1,question_13,0.03771288999999979,No-Timer,1,174.32,NOT_RANDOM,0,174.28228711
participant_1,question_14,0.044993649999999434,No-Timer,1,49.05,NOT_RANDOM,0,49.005006349999995
participant_1,question_15,0.018333980000000336,Timer-Correct,1,39.65,NOT_RANDOM,0,39.63166602
participant_1,question_2,0.03651953000000049,Timer-No-Correct,1,84.35,RANDOM,1,84.31348046999999
participant_1,question_3,0.01912988999999925,No-Timer,1,79.43,NOT_RANDOM,0,79.41087011
participant_1,question_4,0.017020510000000287,Timer-Correct,1,41.54,NOT_RANDOM,0,41.52297949
participant_1,question_5,0.015606439999999566,No-Timer,1,31.91,RANDOM,1,31.89439356
participant_1,question_6,0.07175342000000001,Timer-No-Correct,1,44.53,RANDOM,1,44.45824658
participant_1,question_7,0.011453129999999874,Timer-No-Correct,1,84.47,RANDOM,1,84.45854686999999
participant_1,question_8,0.03696875,Timer-Correct,1,37.0,NOT_RANDOM,0,36.96303125
participant_1,question_9,0.04350586000000021,No-Timer,1,73.84,NOT_RANDOM,0,73.79649414000001
participant_10,question_1,0.00634442,No-Timer,1,23.2,RANDOM,1,23.193655579999998
participant_10,question_10,0.028507319999999937,Timer-Correct,1,33.51,NOT_RANDOM,0,33.481492679999995
participant_10,question_11,0.023391360000000076,No-Timer,1,101.03,NOT_RANDOM,0,101.00660864
participant_10,question_12,0.015975459999999997,No-Timer,1,132.46,NOT_RANDOM,0,132.44402454000002
participant_10,question_13,0.014776669999999967,Timer-Correct,1,54.28,NOT_RANDOM,0,54.26522333
participant_10,question_14,0.010422670000000038,Timer-No-Correct,1,40.88,RANDOM,1,40.869577330000006
participant_10,question_15,0.011306649999999991,No-Timer,1,23.49,RANDOM,1,23.478693349999997
participant_10,question_2,0.003455470000000005,Timer-Correct,1,17.5,RANDOM,1,17.49654453
participant_10,question_3,0.0939117,Timer-Correct,1,37.81,NOT_RANDOM,0,37.7160883
participant_10,question_4,0.07158642999999998,No-Timer,1,34.6,NOT_RANDOM,0,34.52841357
participant_10,question_5,0.021062290000000018,Timer-No-Correct,1,29.81,RANDOM,1,29.78893771
participant_10,question_6,0.027416539999999996,Timer-No-Correct,1,82.01,RANDOM,1,81.98258346
participant_10,question_7,0.02381268,Timer-No-Correct,1,49.43,RANDOM,1,49.40618732
participant_10,question_8,0.01813873000000001,Timer-No-Correct,1,52.57,RANDOM,1,52.55186127
participant_10,question_9,0.018321590000000016,Timer-Correct,1,42.01,NOT_RANDOM,0,41.99167841
participant_11,question_1,0.02030944999999997,Timer-No-Correct,1,64.25,RANDOM,1,64.22969055
participant_11,question_10,,No-Timer,1,23.41,INVALID,-1,
participant_11,question_11,0.010153680000000121,Timer-No-Correct,1,76.09,RANDOM,1,76.07984632
participant_11,question_12,0.023276730000000044,Timer-Correct,1,40.09,NOT_RANDOM,0,40.066723270000004
participant_11,question_13,0.03669958999999994,Timer-No-Correct,1,42.29,RANDOM,1,42.25330041
participant_11,question_14,0.014923710000000028,No-Timer,1,57.96,NOT_RANDOM,0,57.94507629
participant_11,question_15,0.06068091000000004,Timer-Correct,1,39.36,NOT_RANDOM,0,39.29931909
participant_11,question_2,0.03390125000000012,Timer-No-Correct,1,83.19,RANDOM,1,83.15609875
participant_11,question_3,0.014521850000000086,No-Timer,1,25.51,RANDOM,1,25.49547815
participant_11,question_4,0.02501807000000008,Timer-Correct,1,27.34,NOT_RANDOM,0,27.31498193
participant_11,question_5,0.014495599999999968,No-Timer,1,26.26,RANDOM,1,26.2455044
participant_11,question_6,0.03334192000000007,Timer-Correct,1,39.62,NOT_RANDOM,0,39.58665808
participant_11,question_7,0.03139501999999993,Timer-Correct,1,29.78,NOT_RANDOM,0,29.74860498
participant_11,question_8,0.014936159999999973,Timer-No-Correct,1,24.35,RANDOM,1,24.33506384
participant_11,question_9,0.01809229000000005,No-Timer,1,23.42,RANDOM,1,23.401907710000003
participant_12,question_1,0.05244241000000001,No-Timer,1,17.15,RANDOM,1,17.097557589999997
participant_12,question_10,,Timer-No-Correct,1,68.19,INVALID,-1,
participant_12,question_11,0.009893219999999986,Timer-No-Correct,1,72.49,RANDOM,1,72.48010678
participant_12,question_12,0.009632409999999992,No-Timer,1,59.03,NOT_RANDOM,0,59.02036759
participant_12,question_13,0.003349519999999984,Timer-No-Correct,1,26.52,RANDOM,1,26.51665048
participant_12,question_14,0.014275199999999984,Timer-Correct,1,9.76,RANDOM,1,9.7457248
participant_12,question_15,,Timer-Correct,1,12.57,INVALID,-1,
participant_12,question_2,0.01859492,Timer-No-Correct,1,79.18,RANDOM,1,79.16140508000001
participant_12,question_3,0.011850180000000009,Timer-Correct,1,18.8,RANDOM,1,18.78814982
participant_12,question_4,,Timer-Correct,1,12.15,INVALID,-1,
participant_12,question_5,0.0031617900000000245,Timer-No-Correct,1,24.74,RANDOM,1,24.73683821
participant_12,question_6,0.01811292999999998,No-Timer,1,42.11,NOT_RANDOM,0,42.09188707
participant_12,question_7,0.009237799999999992,No-Timer,1,44.19,NOT_RANDOM,0,44.1807622
participant_12,question_8,0.008639259999999978,Timer-Correct,1,17.99,RANDOM,1,17.98136074
participant_12,question_9,,No-Timer,1,22.85,INVALID,-1,
participant_13,question_1,,Timer-Correct,1,75.73,INVALID,-1,
participant_13,question_10,0.047907159999999976,Timer-No-Correct,1,60.19,RANDOM,1,60.14209284
participant_13,question_11,0.08424578999999995,No-Timer,1,156.94,NOT_RANDOM,0,156.85575421
participant_13,question_12,0.04784667999999988,Timer-No-Correct,1,85.61,RANDOM,1,85.56215332
participant_13,question_13,0.07690296000000012,Timer-No-Correct,1,86.7,RANDOM,1,86.62309704
participant_13,question_14,0.057137200000000124,No-Timer,1,103.22,NOT_RANDOM,0,103.1628628
participant_13,question_15,0.036264289999999845,Timer-Correct,1,50.98,NOT_RANDOM,0,50.94373571
participant_13,question_2,0.06903428999999997,No-Timer,1,121.66,NOT_RANDOM,0,121.59096570999999
participant_13,question_3,0.11848795000000001,Timer-No-Correct,1,82.71,RANDOM,1,82.59151204999999
participant_13,question_4,0.03948102,Timer-No-Correct,1,84.87,RANDOM,1,84.83051898000001
participant_13,question_5,,Timer-Correct,1,59.49,INVALID,-1,
participant_13,question_6,0.038529539999999994,No-Timer,1,46.52,NOT_RANDOM,0,46.481470460000004
participant_13,question_7,0.016424740000000042,Timer-Correct,1,31.84,NOT_RANDOM,0,31.82357526
participant_13,question_8,0.04453783999999996,No-Timer,1,88.88,NOT_RANDOM,0,88.83546215999999
participant_13,question_9,0.020263119999999957,Timer-Correct,1,81.52,NOT_RANDOM,0,81.49973688
participant_14,question_1,0.007481940000000123,No-Timer,1,41.84,NOT_RANDOM,0,41.832518060000005
participant_14,question_10,0.036200199999999766,No-Timer,1,37.65,NOT_RANDOM,0,37.613799799999995
participant_14,question_11,0.0289370100000001,No-Timer,1,48.83,NOT_RANDOM,0,48.80106299
participant_14,question_12,0.037604980000000066,Timer-No-Correct,1,51.03,RANDOM,1,50.992395020000004
participant_14,question_13,0.02481714000000011,Timer-Correct,1,42.0,NOT_RANDOM,0,41.97518286
participant_14,question_14,0.013088870000000042,No-Timer,1,31.71,RANDOM,1,31.69691113
participant_14,question_15,0.007080320000000029,Timer-Correct,1,27.19,NOT_RANDOM,0,27.18291968
participant_14,question_2,0.0071408700000001775,Timer-Correct,1,23.57,RANDOM,1,23.56285913
participant_14,question_3,0.007065920000000006,Timer-No-Correct,1,82.29,RANDOM,1,82.28293408
participant_14,question_4,0.02152979000000005,No-Timer,1,21.69,RANDOM,1,21.668470210000002
participant_14,question_5,0.030639160000000176,Timer-No-Correct,1,31.96,RANDOM,1,31.92936084
participant_14,question_6,0.03610327000000007,Timer-No-Correct,1,69.94,RANDOM,1,69.90389673
participant_14,question_7,0.02034349999999995,Timer-Correct,1,75.6,NOT_RANDOM,0,75.5796565
participant_14,question_8,0.01896361999999999,Timer-No-Correct,1,45.86,RANDOM,1,45.84103638
participant_14,question_9,0.01334349999999995,Timer-Correct,1,34.62,NOT_RANDOM,0,34.6066565
participant_15,question_1,0.0031679400000000015,Timer-No-Correct,1,80.67,RANDOM,1,80.66683206
participant_15,question_10,0.0,Timer-Correct,1,24.82,RANDOM,1,24.82
participant_15,question_11,0.001205500000000029,No-Timer,1,58.34,NOT_RANDOM,0,58.338794500000006
participant_15,question_12,0.0,Timer-Correct,1,86.04,NOT_RANDOM,0,86.04
participant_15,question_13,0.0005751999999999952,No-Timer,1,74.21,NOT_RANDOM,0,74.2094248
participant_15,question_14,0.000649599999999964,No-Timer,1,32.12,RANDOM,1,32.119350399999995
participant_15,question_15,0.0004149800000000141,Timer-Correct,1,24.21,RANDOM,1,24.209585020000002
participant_15,question_2,0.0,Timer-No-Correct,1,73.43,RANDOM,1,73.43
participant_15,question_3,0.0,Timer-Correct,1,53.44,NOT_RANDOM,0,53.44
participant_15,question_4,0.0,Timer-Correct,1,26.36,NOT_RANDOM,0,26.36
participant_15,question_5,0.0,No-Timer,1,12.11,RANDOM,1,12.11
participant_15,question_6,0.0019017599999999674,No-Timer,1,49.6,NOT_RANDOM,0,49.59809824
participant_15,question_7,0.0009307599999999639,Timer-No-Correct,1,68.05,RANDOM,1,68.04906924
participant_15,question_8,0.0,Timer-No-Correct,1,55.84,RANDOM,1,55.84
participant_15,question_9,0.0,Timer-No-Correct,1,75.65,RANDOM,1,75.65
participant_16,question_1,,No-Timer,1,39.94,INVALID,-1,
participant_16,question_10,0.03377392999999938,Timer-No-Correct,1,52.6,RANDOM,1,52.56622607
participant_16,question_11,0.022171870000000125,Timer-Correct,1,70.04,NOT_RANDOM,0,70.01782813000001
participant_16,question_12,,Timer-Correct,1,71.47,INVALID,-1,
participant_16,question_13,,Timer-Correct,1,70.15,INVALID,-1,
participant_16,question_14,,Timer-Correct,1,62.54,INVALID,-1,
participant_16,question_15,0.05898729999999978,No-Timer,1,58.27,NOT_RANDOM,0,58.211012700000005
participant_16,question_2,,Timer-No-Correct,1,81.05,INVALID,-1,
participant_16,question_3,0.01190331999999944,No-Timer,1,58.59,NOT_RANDOM,0,58.57809668
participant_16,question_4,0.0157485400000005,Timer-Correct,1,34.41,NOT_RANDOM,0,34.39425146
participant_16,question_5,0.020630860000000213,Timer-No-Correct,1,37.25,RANDOM,1,37.22936914
participant_16,question_6,,Timer-No-Correct,1,36.69,INVALID,-1,
participant_16,question_7,0.03909863000000041,No-Timer,1,61.8,NOT_RANDOM,0,61.76090137
participant_16,question_8,0.048992190000000845,No-Timer,1,51.3,NOT_RANDOM,0,51.25100781
participant_16,question_9,,Timer-No-Correct,1,68.84,INVALID,-1,
participant_17,question_1,0.034808219999999994,Timer-No-Correct,1,59.47,RANDOM,1,59.43519178
participant_17,question_10,0.04822191999999995,Timer-No-Correct,1,49.71,RANDOM,1,49.66177808
participant_17,question_11,0.05231415000000004,No-Timer,1,103.35,NOT_RANDOM,0,103.29768585
participant_17,question_12,0.04092754999999999,Timer-No-Correct,1,75.27,RANDOM,1,75.22907244999999
participant_17,question_13,0.0034112499999999954,Timer-Correct,1,70.28,NOT_RANDOM,0,70.27658875
participant_17,question_14,0.02406830000000002,No-Timer,1,28.17,RANDOM,1,28.145931700000002
participant_17,question_15,0.008326659999999948,Timer-Correct,1,4.91,RANDOM,1,4.90167334
participant_17,question_2,0.03653294,Timer-No-Correct,1,57.9,RANDOM,1,57.86346706
participant_17,question_3,0.024147490000000004,Timer-Correct,1,47.14,NOT_RANDOM,0,47.11585251
participant_17,question_4,0.02654636000000005,Timer-Correct,1,39.44,NOT_RANDOM,0,39.41345364
participant_17,question_5,0.025956940000000032,No-Timer,1,77.44,NOT_RANDOM,0,77.41404306
participant_17,question_6,0.04808046999999999,No-Timer,1,61.96,NOT_RANDOM,0,61.91191953
participant_17,question_7,0.01310223000000002,Timer-No-Correct,1,55.41,RANDOM,1,55.396897769999995
participant_17,question_8,0.005732239999999934,Timer-Correct,1,71.23,NOT_RANDOM,0,71.22426776
participant_17,question_9,0.01118620999999996,No-Timer,1,64.71,NOT_RANDOM,0,64.69881378999999
participant_18,question_1,0.003416680000000042,Timer-No-Correct,1,61.02,RANDOM,1,61.01658332
participant_18,question_10,0.004883180000000038,Timer-Correct,1,36.53,NOT_RANDOM,0,36.52511682
participant_18,question_11,0.05019988999999998,Timer-No-Correct,1,83.03,RANDOM,1,82.97980011
participant_18,question_12,0.03419677999999999,No-Timer,1,89.89,NOT_RANDOM,0,89.85580322
participant_18,question_13,0.024019659999999932,Timer-No-Correct,1,83.11,RANDOM,1,83.08598034
participant_18,question_14,0.014515259999999898,Timer-No-Correct,1,86.88,RANDOM,1,86.86548474
participant_18,question_15,0.018548829999999954,No-Timer,1,77.83,NOT_RANDOM,0,77.81145117
participant_18,question_2,0.04905265000000003,No-Timer,1,36.2,NOT_RANDOM,0,36.15094735
participant_18,question_3,0.033312100000000046,Timer-Correct,1,85.62,NOT_RANDOM,0,85.5866879
participant_18,question_4,0.03382660000000004,Timer-Correct,1,35.66,NOT_RANDOM,0,35.6261734
participant_18,question_5,0.025199680000000002,Timer-Correct,1,21.58,RANDOM,1,21.55480032
participant_18,question_6,0.07606006000000003,No-Timer,1,42.37,NOT_RANDOM,0,42.293939939999994
participant_18,question_7,0.04165002000000004,Timer-No-Correct,1,83.48,RANDOM,1,83.43834998
participant_18,question_8,0.032092160000000036,Timer-Correct,1,59.5,NOT_RANDOM,0,59.46790784
participant_18,question_9,0.03185320999999999,No-Timer,1,72.33,NOT_RANDOM,0,72.29814679
participant_2,question_1,0.032989580000000004,No-Timer,1,34.37,RANDOM,1,34.33701042
participant_2,question_10,0.05008411000000001,No-Timer,1,48.15,NOT_RANDOM,0,48.09991589
participant_2,question_13,0.05662183000000005,Timer-No-Correct,1,69.05,RANDOM,1,68.99337817
participant_2,question_14,,No-Timer,1,64.77,INVALID,-1,
participant_2,question_15,0.04306384000000003,No-Timer,1,54.85,NOT_RANDOM,0,54.80693616
participant_2,question_2,0.04181238,Timer-Correct,1,36.37,NOT_RANDOM,0,36.328187619999994
participant_2,question_3,,No-Timer,1,47.33,INVALID,-1,
participant_2,question_4,0.00872065999999998,Timer-Correct,1,23.22,RANDOM,1,23.211279339999997
participant_2,question_5,0.01629016999999999,Timer-No-Correct,0,90.0,INVALID,-1,89.98370983
participant_2,question_6,0.07776187999999996,Timer-No-Correct,1,88.18,RANDOM,1,88.10223812000001
participant_2,question_7,,Timer-No-Correct,0,90.0,INVALID,-1,
participant_2,question_8,,Timer-No-Correct,1,70.95,INVALID,-1,
participant_2,question_9,0.030324160000000006,Timer-Correct,1,86.83,NOT_RANDOM,0,86.79967583999999
participant_20,question_1,0.08042711999999995,Timer-Correct,1,45.77,NOT_RANDOM,0,45.68957288
participant_20,question_10,0.08090417000000003,Timer-Correct,1,49.84,NOT_RANDOM,0,49.75909583000001
participant_20,question_11,0.01649133000000006,No-Timer,1,68.51,NOT_RANDOM,0,68.49350867000001
participant_20,question_12,0.0007825900000000274,No-Timer,1,228.2,NOT_RANDOM,0,228.19921741
participant_20,question_13,0.01064391999999998,Timer-Correct,1,56.75,NOT_RANDOM,0,56.73935608
participant_20,question_14,0.03591698999999994,No-Timer,1,49.91,NOT_RANDOM,0,49.87408301
participant_20,question_15,0.01681273999999985,Timer-Correct,1,18.58,RANDOM,1,18.56318726
participant_20,question_2,0.011252809999999953,Timer-No-Correct,0,90.0,INVALID,-1,89.98874719
participant_20,question_3,0.04531426999999996,No-Timer,1,69.27,NOT_RANDOM,0,69.22468572999999
participant_20,question_4,0.06764122999999996,No-Timer,1,42.0,NOT_RANDOM,0,41.93235877
participant_20,question_5,0.022432990000000017,Timer-Correct,1,37.59,NOT_RANDOM,0,37.567567010000005
participant_20,question_6,0.030022950000000038,Timer-No-Correct,1,80.08,RANDOM,1,80.04997705
participant_20,question_7,0.018675290000000132,Timer-No-Correct,1,84.76,RANDOM,1,84.74132471
participant_20,question_8,0.023438109999999825,Timer-No-Correct,1,82.67,RANDOM,1,82.64656189
participant_20,question_9,0.026847409999999853,Timer-No-Correct,1,81.27,RANDOM,1,81.24315259
participant_21,question_1,0.031503169999999955,Timer-Correct,1,25.19,NOT_RANDOM,0,25.15849683
participant_21,question_10,0.03172315000000026,No-Timer,1,102.04,NOT_RANDOM,0,102.00827685
participant_21,question_11,0.02116699000000017,Timer-No-Correct,1,84.34,RANDOM,1,84.31883301
participant_21,question_12,0.051330320000000026,No-Timer,1,77.81,NOT_RANDOM,0,77.75866968
participant_21,question_13,0.011434319999999843,Timer-No-Correct,1,78.01,RANDOM,1,77.99856568
participant_21,question_14,,Timer-Correct,1,58.56,INVALID,-1,
participant_21,question_15,0.02102684999999974,Timer-No-Correct,1,79.15,RANDOM,1,79.12897315000001
participant_21,question_2,0.004869630000000143,Timer-Correct,1,15.73,RANDOM,1,15.72513037
participant_21,question_3,0.023692140000000108,No-Timer,1,24.03,RANDOM,1,24.00630786
participant_21,question_4,0.07508179000000018,No-Timer,1,37.36,NOT_RANDOM,0,37.28491821
participant_21,question_5,0.012920900000000074,Timer-No-Correct,1,30.78,RANDOM,1,30.7670791
participant_21,question_6,0.07072925000000033,Timer-Correct,1,31.61,NOT_RANDOM,0,31.53927075
participant_21,question_7,0.018158449999999902,No-Timer,1,63.17,NOT_RANDOM,0,63.15184155
participant_21,question_8,0.028032960000000003,Timer-No-Correct,1,45.3,RANDOM,1,45.27196704
participant_21,question_9,0.040739750000000186,Timer-Correct,1,84.77,NOT_RANDOM,0,84.72926025
participant_22,question_1,0.03330028,No-Timer,1,63.79,NOT_RANDOM,0,63.75669972
participant_22,question_10,0.03227606000000003,No-Timer,1,50.96,NOT_RANDOM,0,50.92772394
participant_22,question_11,0.010999810000000025,Timer-Correct,1,49.45,NOT_RANDOM,0,49.43900019
participant_22,question_12,0.01791021999999998,Timer-No-Correct,1,66.45,RANDOM,1,66.43208978
participant_22,question_13,0.03016369999999995,No-Timer,1,78.05,NOT_RANDOM,0,78.0198363
participant_22,question_14,0.04738465000000008,Timer-Correct,1,39.06,NOT_RANDOM,0,39.012615350000004
participant_22,question_15,0.02017560000000003,Timer-Correct,1,23.93,RANDOM,1,23.909824399999998
participant_22,question_2,0.012967350000000011,Timer-Correct,1,31.71,NOT_RANDOM,0,31.69703265
participant_22,question_3,0.007750010000000003,Timer-No-Correct,1,18.47,RANDOM,1,18.46224999
participant_22,question_4,0.05537555000000003,No-Timer,1,131.71,NOT_RANDOM,0,131.65462445
participant_22,question_5,0.029714510000000017,Timer-Correct,1,21.92,RANDOM,1,21.89028549
participant_22,question_6,0.04658760999999998,Timer-No-Correct,1,67.51,RANDOM,1,67.46341239
participant_22,question_7,0.02826071000000002,No-Timer,1,58.2,NOT_RANDOM,0,58.171739290000005
participant_22,question_8,0.02142804000000001,Timer-No-Correct,1,30.09,RANDOM,1,30.06857196
participant_22,question_9,0.023665340000000014,Timer-No-Correct,1,64.58,RANDOM,1,64.55633466
participant_23,question_1,0.06923437000000013,Timer-Correct,1,40.5,NOT_RANDOM,0,40.43076563
participant_23,question_10,0.05703699000000006,Timer-Correct,1,68.16,NOT_RANDOM,0,68.10296301
participant_23,question_11,0.03506592000000001,No-Timer,1,177.13,NOT_RANDOM,0,177.09493408
participant_23,question_12,0.05970287999999982,No-Timer,1,75.75,NOT_RANDOM,0,75.69029712
participant_23,question_13,0.05269654000000037,Timer-No-Correct,1,86.65,RANDOM,1,86.59730346
participant_23,question_14,0.01147485000000006,Timer-Correct,1,85.92,NOT_RANDOM,0,85.90852515
participant_23,question_15,0.0346577199999997,Timer-No-Correct,1,80.67,RANDOM,1,80.63534228
participant_23,question_2,0.02044347999999991,Timer-Correct,1,59.14,NOT_RANDOM,0,59.11955652
participant_23,question_3,0.07267237,Timer-No-Correct,1,80.87,RANDOM,1,80.79732763
participant_23,question_4,0.007602419999999938,No-Timer,1,44.19,NOT_RANDOM,0,44.18239758
participant_23,question_5,0.06806225999999993,Timer-No-Correct,1,36.33,RANDOM,1,36.26193774
participant_23,question_6,0.08442003999999997,No-Timer,1,70.68,NOT_RANDOM,0,70.59557996000001
participant_23,question_7,0.03391381999999999,No-Timer,1,171.48,NOT_RANDOM,0,171.44608617999998
participant_23,question_8,0.03142871999999988,Timer-No-Correct,1,86.84,RANDOM,1,86.80857128000001
participant_23,question_9,0.06588524999999981,Timer-Correct,1,89.02,NOT_RANDOM,0,88.95411475
participant_24,question_1,0.0,Timer-Correct,1,62.67,NOT_RANDOM,0,62.67
participant_24,question_10,0.003603759999999966,Timer-No-Correct,1,36.83,RANDOM,1,36.82639624
participant_24,question_11,0.003227049999999963,No-Timer,1,51.28,NOT_RANDOM,0,51.27677295
participant_24,question_12,0.003015129999999772,No-Timer,1,30.67,RANDOM,1,30.66698487
participant_24,question_13,0.003978020000000015,No-Timer,1,30.5,RANDOM,1,30.49602198
participant_24,question_14,0.005853999999999814,Timer-No-Correct,1,23.44,RANDOM,1,23.434146000000002
participant_24,question_15,0.0,Timer-No-Correct,1,70.88,RANDOM,1,70.88
participant_24,question_2,0.0040398000000000135,Timer-Correct,1,50.28,NOT_RANDOM,0,50.2759602
participant_24,question_3,0.007055419999999686,No-Timer,1,38.67,NOT_RANDOM,0,38.66294458
participant_24,question_4,0.004763189999999667,Timer-No-Correct,1,26.67,RANDOM,1,26.665236810000003
participant_24,question_5,0.0049702099999999515,No-Timer,1,29.56,RANDOM,1,29.55502979
participant_24,question_6,0.016558350000000246,Timer-Correct,1,30.99,NOT_RANDOM,0,30.973441649999998
participant_24,question_7,0.006671629999999823,Timer-No-Correct,1,16.51,RANDOM,1,16.503328370000002
participant_24,question_8,0.013316170000000056,Timer-Correct,1,32.49,NOT_RANDOM,0,32.47668383
participant_24,question_9,0.009049559999999929,Timer-Correct,1,36.18,NOT_RANDOM,0,36.17095044
participant_25,question_1,0.002518550000000232,No-Timer,1,48.09,NOT_RANDOM,0,48.087481450000006
participant_25,question_10,0.02176318999999967,Timer-No-Correct,1,81.98,RANDOM,1,81.95823681
participant_25,question_11,0.029252449999999954,Timer-No-Correct,1,62.7,RANDOM,1,62.67074755
participant_25,question_12,0.030303949999999986,No-Timer,1,62.52,NOT_RANDOM,0,62.489696050000006
participant_25,question_13,0.029318359999999755,Timer-No-Correct,1,52.44,RANDOM,1,52.41068164
participant_25,question_14,0.04338475999999992,Timer-Correct,1,47.25,NOT_RANDOM,0,47.20661524
participant_25,question_15,0.02562109000000055,Timer-Correct,1,54.89,NOT_RANDOM,0,54.86437891
participant_25,question_2,0.019057130000000144,No-Timer,1,23.16,RANDOM,1,23.14094287
participant_25,question_3,0.05939477000000033,Timer-Correct,1,55.14,NOT_RANDOM,0,55.08060523
participant_25,question_4,0.015212890000000243,Timer-No-Correct,1,29.86,RANDOM,1,29.84478711
participant_25,question_5,0.035086429999999835,Timer-No-Correct,1,37.41,RANDOM,1,37.37491357
participant_25,question_6,0.04767872000000034,Timer-Correct,1,56.91,NOT_RANDOM,0,56.862321279999996
participant_25,question_7,0.031217529999999896,Timer-Correct,1,43.82,NOT_RANDOM,0,43.78878247
participant_25,question_8,0.03237303999999994,No-Timer,1,46.42,NOT_RANDOM,0,46.38762696
participant_25,question_9,0.027688720000000104,No-Timer,1,46.07,NOT_RANDOM,0,46.04231128
participant_26,question_1,0.009900389999999789,Timer-Correct,1,9.7,RANDOM,1,9.690099609999999
participant_26,question_10,0.004957029999999577,Timer-No-Correct,1,40.42,RANDOM,1,40.41504297
participant_26,question_11,0.026130369999999858,Timer-No-Correct,1,71.3,RANDOM,1,71.27386963
participant_26,question_12,0.007938470000000052,Timer-No-Correct,1,62.74,RANDOM,1,62.73206153
participant_26,question_13,0.03214551000000029,No-Timer,1,30.72,RANDOM,1,30.68785449
participant_26,question_14,0.02761768000000029,Timer-Correct,1,16.21,RANDOM,1,16.182382320000002
participant_26,question_15,0.013859379999999874,No-Timer,1,26.16,RANDOM,1,26.14614062
participant_26,question_2,0.019465329999999996,Timer-No-Correct,1,15.76,RANDOM,1,15.74053467
participant_26,question_3,0.011247070000000348,Timer-Correct,1,41.01,NOT_RANDOM,0,40.998752929999995
participant_26,question_4,,Timer-Correct,1,8.55,INVALID,-1,
participant_26,question_5,,No-Timer,1,9.06,INVALID,-1,
participant_26,question_6,0.00965918000000056,No-Timer,1,21.56,RANDOM,1,21.55034082
participant_26,question_7,0.01257764000000043,Timer-No-Correct,1,59.37,RANDOM,1,59.357422359999994
participant_26,question_8,0.023572259999999914,No-Timer,1,11.17,RANDOM,1,11.14642774
participant_26,question_9,0.0026455100000002856,Timer-Correct,1,21.72,RANDOM,1,21.717354489999998
participant_27,question_1,0.009825680000000829,No-Timer,1,32.3,RANDOM,1,32.29017432
participant_27,question_10,,No-Timer,1,42.48,INVALID,-1,
participant_27,question_11,0.022794919999999365,Timer-Correct,1,47.77,NOT_RANDOM,0,47.74720508
participant_27,question_12,0.011041510000000017,Timer-No-Correct,1,85.0,RANDOM,1,84.98895849
participant_27,question_13,0.07088867000000028,No-Timer,1,53.77,NOT_RANDOM,0,53.69911133
participant_27,question_14,0.014682619999999588,Timer-No-Correct,1,34.72,RANDOM,1,34.70531738
participant_27,question_15,0.028166989999999715,No-Timer,1,21.74,RANDOM,1,21.71183301
participant_27,question_2,,Timer-No-Correct,1,55.44,INVALID,-1,
participant_27,question_3,0.044563970000000154,No-Timer,1,22.49,RANDOM,1,22.44543603
participant_27,question_4,0.0037504900000003543,Timer-Correct,1,13.68,RANDOM,1,13.67624951
participant_27,question_5,0.011369139999999788,Timer-No-Correct,1,10.06,RANDOM,1,10.048630860000001
participant_27,question_6,0.03085303000000022,Timer-No-Correct,1,54.87,RANDOM,1,54.839146969999994
participant_27,question_7,0.032614260000000284,Timer-Correct,1,36.01,NOT_RANDOM,0,35.977385739999995
participant_27,question_8,0.045958010000000285,Timer-Correct,1,30.81,NOT_RANDOM,0,30.76404199
participant_27,question_9,0.009772950000000492,Timer-Correct,1,42.85,NOT_RANDOM,0,42.84022705
participant_28,question_1,0.05439492999999999,Timer-No-Correct,1,38.51,RANDOM,1,38.45560507
participant_28,question_10,0.03215923999999996,Timer-No-Correct,1,64.18,RANDOM,1,64.14784076000001
participant_28,question_11,0.017482549999999947,Timer-Correct,1,83.5,NOT_RANDOM,0,83.48251745
participant_28,question_12,0.029962150000000066,Timer-Correct,1,86.83,NOT_RANDOM,0,86.80003785
participant_28,question_13,0.052535890000000106,Timer-Correct,1,84.17,NOT_RANDOM,0,84.11746411
participant_28,question_14,0.0816271999999999,Timer-Correct,1,48.67,NOT_RANDOM,0,48.5883728
participant_28,question_15,0.0272343800000001,Timer-No-Correct,1,83.79,RANDOM,1,83.76276562000001
participant_28,question_2,0.016170069999999953,No-Timer,1,18.49,RANDOM,1,18.473829929999997
participant_28,question_3,0.05491311999999993,No-Timer,1,46.08,NOT_RANDOM,0,46.025086879999996
participant_28,question_4,0.014890810000000101,Timer-Correct,1,30.7,NOT_RANDOM,0,30.68510919
participant_28,question_5,0.08740106000000003,Timer-No-Correct,1,33.73,RANDOM,1,33.64259894
participant_28,question_6,0.025922489999999927,Timer-No-Correct,1,71.22,RANDOM,1,71.19407751
participant_28,question_7,0.012814089999999966,No-Timer,1,95.95,NOT_RANDOM,0,95.93718591
participant_28,question_8,0.02737719000000004,No-Timer,1,57.02,NOT_RANDOM,0,56.99262281
participant_28,question_9,0.031487419999999926,No-Timer,1,100.47,NOT_RANDOM,0,100.43851258
participant_29,question_1,0.05221433,Timer-Correct,1,7.13,RANDOM,1,7.07778567
participant_29,question_10,0.012271730000000048,Timer-Correct,1,14.07,RANDOM,1,14.05772827
participant_29,question_11,0.006571010000000001,Timer-Correct,1,8.5,RANDOM,1,8.49342899
participant_29,question_12,0.008439670000000035,Timer-Correct,1,21.89,RANDOM,1,21.88156033
participant_29,question_13,,No-Timer,1,57.09,INVALID,-1,
participant_29,question_14,0.013785160000000019,Timer-No-Correct,1,13.54,RANDOM,1,13.52621484
participant_29,question_15,,No-Timer,1,32.31,INVALID,-1,
participant_29,question_2,0.020504169999999988,Timer-Correct,1,16.39,RANDOM,1,16.36949583
participant_29,question_3,0.04087371999999999,Timer-No-Correct,1,12.16,RANDOM,1,12.11912628
participant_29,question_4,0.004607900000000001,No-Timer,1,40.51,NOT_RANDOM,0,40.505392099999995
participant_29,question_5,0.005660340000000019,No-Timer,1,8.52,RANDOM,1,8.51433966
participant_29,question_6,0.002558809999999994,Timer-No-Correct,1,13.91,RANDOM,1,13.90744119
participant_29,question_7,0.010462710000000016,Timer-No-Correct,1,16.4,RANDOM,1,16.38953729
participant_29,question_8,0.00902285999999998,No-Timer,1,44.17,NOT_RANDOM,0,44.16097714
participant_29,question_9,0.010522979999999961,Timer-No-Correct,1,11.83,RANDOM,1,11.81947702
participant_3,question_1,0.0,Timer-No-Correct,1,73.74,RANDOM,1,73.74
participant_3,question_10,0.025232660000000122,No-Timer,1,36.87,NOT_RANDOM,0,36.84476734
participant_3,question_11,0.015299919999999929,No-Timer,1,118.69,NOT_RANDOM,0,118.67470008
participant_3,question_12,,Timer-No-Correct,1,72.14,INVALID,-1,
participant_3,question_13,0.046821779999999986,Timer-Correct,1,58.03,NOT_RANDOM,0,57.98317822
participant_3,question_14,0.052269780000000085,Timer-Correct,1,24.04,RANDOM,1,23.98773022
participant_3,question_15,0.06275731999999971,No-Timer,1,60.0,NOT_RANDOM,0,59.93724268
participant_3,question_2,0.010576659999999948,Timer-No-Correct,1,40.7,RANDOM,1,40.689423340000005
participant_3,question_3,0.020226069999999936,No-Timer,1,38.01,NOT_RANDOM,0,37.98977393
participant_3,question_4,,Timer-No-Correct,1,67.39,INVALID,-1,
participant_3,question_5,0.046640990000000104,Timer-No-Correct,1,26.71,RANDOM,1,26.66335901
participant_3,question_6,0.013966059999999971,No-Timer,1,34.9,NOT_RANDOM,0,34.88603394
participant_3,question_7,0.009686159999999973,Timer-Correct,1,51.19,NOT_RANDOM,0,51.18031384
participant_3,question_8,0.048477049999999966,Timer-Correct,1,39.35,NOT_RANDOM,0,39.30152295
participant_3,question_9,0.021777100000000018,Timer-Correct,1,57.87,NOT_RANDOM,0,57.848222899999996
participant_30,question_1,0.01964634,Timer-Correct,1,22.41,RANDOM,1,22.39035366
participant_30,question_10,0.021836970000000008,No-Timer,1,36.55,NOT_RANDOM,0,36.528163029999995
participant_30,question_11,0.00028144000000003186,Timer-Correct,1,58.92,NOT_RANDOM,0,58.91971856
participant_30,question_13,0.01104571999999996,No-Timer,1,59.95,NOT_RANDOM,0,59.938954280000004
participant_30,question_14,0.007824219999999969,Timer-No-Correct,1,39.86,RANDOM,1,39.852175779999996
participant_30,question_15,0.031208189999999945,Timer-No-Correct,1,57.02,RANDOM,1,56.98879181
participant_30,question_2,0.0057802899999999935,No-Timer,1,13.53,RANDOM,1,13.524219709999999
participant_30,question_3,0.006899430000000009,Timer-Correct,1,38.25,NOT_RANDOM,0,38.24310057
participant_30,question_4,0.04291022999999999,No-Timer,1,21.59,RANDOM,1,21.54708977
participant_30,question_5,0.019726600000000018,Timer-Correct,1,48.69,NOT_RANDOM,0,48.6702734
participant_30,question_6,0.012606269999999996,Timer-Correct,1,17.03,RANDOM,1,17.017393730000002
participant_30,question_8,0.017999420000000044,Timer-No-Correct,1,67.81,RANDOM,1,67.79200058
participant_30,question_9,0.02168955,No-Timer,1,50.74,NOT_RANDOM,0,50.718310450000004
participant_4,question_1,,No-Timer,1,49.8,INVALID,-1,
participant_4,question_10,,No-Timer,1,23.59,INVALID,-1,
participant_4,question_11,,No-Timer,1,26.09,INVALID,-1,
participant_4,question_12,,Timer-Correct,1,71.74,INVALID,-1,
participant_4,question_13,,Timer-Correct,1,31.13,INVALID,-1,
participant_4,question_14,,Timer-No-Correct,1,62.19,INVALID,-1,
participant_4,question_15,,No-Timer,1,27.24,INVALID,-1,
participant_4,question_2,,Timer-Correct,1,12.08,INVALID,-1,
participant_4,question_3,,Timer-Correct,1,35.7,INVALID,-1,
participant_4,question_4,,Timer-No-Correct,1,14.32,INVALID,-1,
participant_4,question_5,,Timer-Correct,1,22.5,INVALID,-1,
participant_4,question_6,,No-Timer,1,32.93,INVALID,-1,
participant_4,question_7,,Timer-No-Correct,1,83.84,INVALID,-1,
participant_4,question_8,,Timer-No-Correct,1,86.91,INVALID,-1,
participant_4,question_9,,Timer-No-Correct,1,52.42,INVALID,-1,
participant_5,question_1,0.04855663999999979,Timer-No-Correct,1,60.94,RANDOM,1,60.89144336
participant_5,question_10,0.011795900000000074,Timer-Correct,1,23.71,RANDOM,1,23.6982041
participant_5,question_11,0.016015629999999875,Timer-No-Correct,1,61.69,RANDOM,1,61.67398437
participant_5,question_12,0.03447657000000072,Timer-No-Correct,1,72.36,RANDOM,1,72.32552343
participant_5,question_13,0.04595069000000058,No-Timer,1,72.91,NOT_RANDOM,0,72.86404931
participant_5,question_14,0.018299799999999776,No-Timer,1,45.13,NOT_RANDOM,0,45.1117002
participant_5,question_15,0.021683100000000195,Timer-Correct,1,18.99,RANDOM,1,18.968316899999998
participant_5,question_2,0.00939208999999937,Timer-Correct,1,28.26,NOT_RANDOM,0,28.250607910000003
participant_5,question_3,0.01627099999999973,No-Timer,1,81.23,NOT_RANDOM,0,81.213729
participant_5,question_4,0.02189013999999952,Timer-Correct,1,22.14,RANDOM,1,22.11810986
participant_5,question_5,0.009215329999999994,No-Timer,1,10.75,RANDOM,1,10.74078467
participant_5,question_6,0.0368413100000007,Timer-No-Correct,1,42.05,RANDOM,1,42.01315869
participant_5,question_7,0.005104000000000269,Timer-Correct,1,42.02,NOT_RANDOM,0,42.014896
participant_5,question_8,0.02635156999999981,Timer-No-Correct,1,62.37,RANDOM,1,62.343648429999995
participant_5,question_9,0.04153760000000056,No-Timer,1,149.58,NOT_RANDOM,0,149.53846240000001
participant_6,question_1,0.04165428999999949,Timer-No-Correct,1,30.73,RANDOM,1,30.68834571
participant_6,question_10,0.027503900000000612,Timer-No-Correct,1,85.04,RANDOM,1,85.0124961
participant_6,question_11,0.025500979999999798,Timer-Correct,1,85.83,NOT_RANDOM,0,85.80449902
participant_6,question_12,0.006423829999999725,Timer-Correct,1,87.51,NOT_RANDOM,0,87.50357617
participant_6,question_13,0.06340088000000015,Timer-Correct,1,65.06,NOT_RANDOM,0,64.99659912
participant_6,question_14,0.018031730000000606,No-Timer,1,42.12,NOT_RANDOM,0,42.10196826999999
participant_6,question_15,0.06515380000000005,Timer-Correct,1,19.26,RANDOM,1,19.1948462
participant_6,question_2,0.04414306000000033,No-Timer,1,30.63,RANDOM,1,30.58585694
participant_6,question_3,0.01786573000000044,Timer-Correct,1,28.86,NOT_RANDOM,0,28.84213427
participant_6,question_4,0.038194820000000615,Timer-No-Correct,1,72.3,RANDOM,1,72.26180518
participant_6,question_5,0.028006840000000012,Timer-No-Correct,1,39.0,RANDOM,1,38.97199316
participant_6,question_6,0.03126806000000033,No-Timer,1,57.63,NOT_RANDOM,0,57.59873194
participant_6,question_7,0.02694775000000027,No-Timer,1,92.41,NOT_RANDOM,0,92.38305224999999
participant_6,question_8,0.03056542999999965,Timer-No-Correct,1,54.43,RANDOM,1,54.39943457
participant_6,question_9,0.04311131999999998,No-Timer,1,55.02,NOT_RANDOM,0,54.97688868
participant_7,question_1,0.03986945,Timer-Correct,1,43.71,NOT_RANDOM,0,43.67013055
participant_7,question_10,0.040940490000000065,No-Timer,1,46.89,NOT_RANDOM,0,46.849059510000004
participant_7,question_11,0.03737047999999993,Timer-Correct,1,83.68,NOT_RANDOM,0,83.64262952
participant_7,question_12,0.021415290000000028,Timer-No-Correct,1,52.12,RANDOM,1,52.09858471
participant_7,question_13,0.06873376000000007,Timer-No-Correct,1,71.86,RANDOM,1,71.79126624
participant_7,question_14,0.03847473000000002,Timer-Correct,1,41.62,NOT_RANDOM,0,41.58152527
participant_7,question_15,0.024563170000000013,No-Timer,1,55.74,NOT_RANDOM,0,55.71543683
participant_7,question_2,0.021964079999999997,No-Timer,1,39.16,NOT_RANDOM,0,39.13803592
participant_7,question_3,0.03848342,Timer-No-Correct,1,70.05,RANDOM,1,70.01151657999999
participant_7,question_4,0.023390180000000014,Timer-Correct,1,54.59,NOT_RANDOM,0,54.566609820000004
participant_7,question_5,0.042026760000000024,No-Timer,1,42.75,NOT_RANDOM,0,42.70797324
participant_7,question_6,0.02637134000000003,Timer-No-Correct,1,43.47,RANDOM,1,43.44362866
participant_7,question_7,0.006731509999999957,Timer-No-Correct,1,44.04,RANDOM,1,44.03326849
participant_7,question_8,0.023022620000000018,No-Timer,1,50.08,NOT_RANDOM,0,50.05697738
participant_7,question_9,0.05427719000000002,Timer-Correct,1,32.88,NOT_RANDOM,0,32.82572281
participant_8,question_1,0.009432369999999992,Timer-No-Correct,1,76.88,RANDOM,1,76.87056763
participant_8,question_10,0.03624585000000002,Timer-No-Correct,1,76.28,RANDOM,1,76.24375415
participant_8,question_11,0.030880120000000035,Timer-Correct,1,44.46,NOT_RANDOM,0,44.42911988
participant_8,question_12,0.01269360000000006,Timer-Correct,1,46.62,NOT_RANDOM,0,46.6073064
participant_8,question_13,0.04157018999999991,Timer-Correct,1,51.14,NOT_RANDOM,0,51.09842981
participant_8,question_14,0.019954459999999927,Timer-No-Correct,1,57.36,RANDOM,1,57.34004554
participant_8,question_15,0.0042868600000001604,No-Timer,1,69.3,NOT_RANDOM,0,69.29571314
participant_8,question_2,0.040277829999999994,No-Timer,1,58.35,NOT_RANDOM,0,58.30972217
participant_8,question_3,0.049199949999999944,No-Timer,1,38.19,NOT_RANDOM,0,38.140800049999996
participant_8,question_4,0.013088750000000118,Timer-Correct,1,55.98,NOT_RANDOM,0,55.966911249999995
participant_8,question_5,,Timer-No-Correct,1,53.66,INVALID,-1,
participant_8,question_6,0.018454100000000154,Timer-Correct,1,42.24,NOT_RANDOM,0,42.2215459
participant_8,question_7,0.013637810000000172,No-Timer,1,56.12,NOT_RANDOM,0,56.10636219
participant_8,question_8,0.05110961999999995,No-Timer,1,52.69,NOT_RANDOM,0,52.63889038
participant_8,question_9,,Timer-No-Correct,1,54.26,INVALID,-1,
participant_9,question_1,0.036084719999999834,Timer-No-Correct,1,42.32,RANDOM,1,42.28391528
participant_9,question_10,0.027637209999999867,No-Timer,1,30.46,RANDOM,1,30.432362790000003
participant_9,question_11,0.009242429999999786,Timer-No-Correct,1,83.72,RANDOM,1,83.71075757
participant_9,question_12,0.02904491999999982,Timer-Correct,1,33.62,NOT_RANDOM,0,33.59095508
participant_9,question_13,0.02313623000000007,No-Timer,1,63.28,NOT_RANDOM,0,63.25686377
participant_9,question_14,0.01636376999999993,Timer-Correct,1,32.54,NOT_RANDOM,0,32.52363623
participant_9,question_15,0.017114500000000133,Timer-No-Correct,1,82.98,RANDOM,1,82.9628855
participant_9,question_2,0.03936644999999998,Timer-Correct,1,19.38,RANDOM,1,19.34063355
participant_9,question_3,0.037383550000000015,No-Timer,1,45.54,NOT_RANDOM,0,45.50261645
participant_9,question_4,0.013637939999999616,Timer-Correct,1,14.02,RANDOM,1,14.00636206
participant_9,question_5,0.01625707999999986,Timer-No-Correct,1,17.77,RANDOM,1,17.75374292
participant_9,question_6,0.01689404000000013,No-Timer,1,27.04,RANDOM,1,27.02310596
participant_9,question_7,0.01724854000000005,No-Timer,1,73.15,NOT_RANDOM,0,73.13275146000001
participant_9,question_8,0.01904370000000017,Timer-No-Correct,1,30.9,RANDOM,1,30.880956299999998
participant_9,question_9,0.05378052000000025,Timer-Correct,1,42.68,NOT_RANDOM,0,42.626219479999996
