participant_id,question_id,part,total_samples,valid_samples,invalid_samples,invalid_pct,excluded,status
participant_1,question_1,Timer-Correct,25874,25336,538,0.020793074128468734,False,KEPT
participant_1,question_10,Timer-No-Correct,12610,12492,118,0.009357652656621729,False,KEPT
participant_1,question_11,Timer-Correct,5519,5518,1,0.0001811922449719152,False,KEPT
participant_1,question_12,Timer-No-Correct,12540,12311,229,0.018261562998405104,False,KEPT
participant_1,question_13,No-Timer,6167,6148,19,0.003080914545159721,False,KEPT
participant_1,question_14,No-Timer,12222,11954,268,0.021927671412207493,False,KEPT
participant_1,question_15,Timer-Correct,6620,6501,119,0.01797583081570997,False,KEPT
participant_1,question_2,Timer-No-Correct,7269,7129,140,0.019259870683725408,False,KEPT
participant_1,question_3,No-Timer,10952,10749,203,0.018535427319211102,False,KEPT
participant_1,question_4,Timer-Correct,4751,4734,17,0.003578194064407493,False,KEPT
participant_1,question_5,No-Timer,11803,10906,897,0.07599762772176566,False,KEPT
participant_1,question_6,Timer-No-Correct,12801,12472,329,0.025701117100226545,False,KEPT
participant_1,question_7,Timer-No-Correct,9151,9068,83,0.009070046989400065,False,KEPT
participant_1,question_8,Timer-Correct,5883,5791,92,0.015638279789223185,False,KEPT
participant_1,question_9,No-Timer,12532,11907,625,0.0498723268432812,False,KEPT
participant_10,question_1,No-Timer,5059,5031,28,0.0055346906503261515,False,KEPT
participant_10,question_10,Timer-Correct,8054,7952,102,0.012664514526943133,False,KEPT
participant_10,question_11,No-Timer,5579,5529,50,0.008962179602079226,False,KEPT
participant_10,question_12,No-Timer,6250,6208,42,0.00672,False,KEPT
participant_10,question_13,Timer-Correct,2579,2480,99,0.038386971694455214,False,KEPT
participant_10,question_14,Timer-No-Correct,4414,4282,132,0.029904848210240146,False,KEPT
participant_10,question_15,No-Timer,6058,5901,157,0.025916143941895016,False,KEPT
participant_10,question_2,Timer-Correct,3413,3413,0,0.0,False,KEPT
participant_10,question_3,Timer-Correct,19718,19302,416,0.021097474388883253,False,KEPT
participant_10,question_4,No-Timer,15019,14922,97,0.006458485917837406,False,KEPT
participant_10,question_5,Timer-No-Correct,3470,3426,44,0.012680115273775217,False,KEPT
participant_10,question_6,Timer-No-Correct,7359,7295,64,0.008696833808941432,False,KEPT
participant_10,question_7,Timer-No-Correct,12180,11989,191,0.01568144499178982,False,KEPT
participant_10,question_8,Timer-No-Correct,7798,7726,72,0.00923313670171839,False,KEPT
participant_10,question_9,Timer-Correct,4964,4920,44,0.008863819500402902,False,KEPT
participant_11,question_1,Timer-No-Correct,3759,3742,17,0.004522479382814578,False,KEPT
participant_11,question_10,No-Timer,3616,3584,32,0.008849557522123894,False,KEPT
participant_11,question_11,Timer-No-Correct,9566,9480,86,0.008990173531256534,False,KEPT
participant_11,question_12,Timer-Correct,12364,12043,321,0.02596247169200906,False,KEPT
participant_11,question_13,Timer-No-Correct,6278,6192,86,0.0136986301369863,False,KEPT
participant_11,question_14,No-Timer,4056,3945,111,0.027366863905325445,False,KEPT
participant_11,question_15,Timer-Correct,11303,11132,171,0.015128726886667257,False,KEPT
participant_11,question_2,Timer-No-Correct,8621,8546,75,0.008699686811274794,False,KEPT
participant_11,question_3,No-Timer,3472,3421,51,0.0146889400921659,False,KEPT
participant_11,question_4,Timer-Correct,3889,3802,87,0.022370789406016972,False,KEPT
participant_11,question_5,No-Timer,3475,3442,33,0.009496402877697842,False,KEPT
participant_11,question_6,Timer-Correct,5963,5849,114,0.01911789367767902,False,KEPT
participant_11,question_7,Timer-Correct,5844,5750,94,0.016084873374401096,False,KEPT
participant_11,question_8,Timer-No-Correct,4417,4376,41,0.009282318315598823,False,KEPT
participant_11,question_9,No-Timer,5889,5773,116,0.019697741552046188,False,KEPT
participant_12,question_1,No-Timer,8682,8568,114,0.013130615065653075,False,KEPT
participant_12,question_10,Timer-No-Correct,2793,2752,41,0.014679556032939491,False,KEPT
participant_12,question_11,Timer-No-Correct,3667,3560,107,0.029179165530406326,False,KEPT
participant_12,question_12,No-Timer,3934,3883,51,0.012963904422979155,False,KEPT
participant_12,question_13,Timer-No-Correct,1454,1448,6,0.0041265474552957355,False,KEPT
participant_12,question_14,Timer-Correct,10781,10507,274,0.025415082088860032,False,KEPT
participant_12,question_15,Timer-Correct,2685,2667,18,0.0067039106145251395,False,KEPT
participant_12,question_2,Timer-No-Correct,3386,3362,24,0.0070880094506792675,False,KEPT
participant_12,question_3,Timer-Correct,6243,5859,384,0.061508889956751564,False,KEPT
participant_12,question_4,Timer-Correct,6568,6063,505,0.07688794153471376,False,KEPT
participant_12,question_5,Timer-No-Correct,2541,2541,0,0.0,False,KEPT
participant_12,question_6,No-Timer,11771,11498,273,0.023192591963299633,False,KEPT
participant_12,question_7,No-Timer,1808,1808,0,0.0,False,KEPT
participant_12,question_8,Timer-Correct,10128,10013,115,0.011354660347551343,False,KEPT
participant_12,question_9,No-Timer,1870,1865,5,0.00267379679144385,False,KEPT
participant_13,question_1,Timer-Correct,18029,17843,186,0.010316711964057907,False,KEPT
participant_13,question_10,Timer-No-Correct,7594,7550,44,0.0057940479325783514,False,KEPT
participant_13,question_11,No-Timer,12901,12422,479,0.03712890473606697,False,KEPT
participant_13,question_12,Timer-No-Correct,8956,8689,267,0.029812416257257706,False,KEPT
participant_13,question_13,Timer-No-Correct,12290,11208,1082,0.08803905614320585,False,KEPT
participant_13,question_14,No-Timer,8831,8063,768,0.08696636847469143,False,KEPT
participant_13,question_15,Timer-Correct,12155,11940,215,0.017688194158782394,False,KEPT
participant_13,question_2,No-Timer,13207,13082,125,0.009464677822366927,False,KEPT
participant_13,question_3,Timer-No-Correct,23400,23204,196,0.008376068376068376,False,KEPT
participant_13,question_4,Timer-No-Correct,6928,6200,728,0.10508083140877598,False,KEPT
participant_13,question_5,Timer-Correct,15342,12437,2905,0.18934949810976404,False,KEPT
participant_13,question_6,No-Timer,12660,12089,571,0.04510268562401264,False,KEPT
participant_13,question_7,Timer-Correct,11257,8900,2357,0.20938082970596072,False,KEPT
participant_13,question_8,No-Timer,12746,12067,679,0.05327161462419583,False,KEPT
participant_13,question_9,Timer-Correct,4740,4642,98,0.02067510548523207,False,KEPT
participant_14,question_1,No-Timer,3200,3200,0,0.0,False,KEPT
participant_14,question_10,No-Timer,7605,7596,9,0.001183431952662722,False,KEPT
participant_14,question_11,No-Timer,6820,6817,3,0.0004398826979472141,False,KEPT
participant_14,question_12,Timer-No-Correct,6252,6242,10,0.001599488163787588,False,KEPT
participant_14,question_13,Timer-Correct,4047,4035,12,0.0029651593773165306,False,KEPT
participant_14,question_14,No-Timer,10403,10314,89,0.008555224454484284,False,KEPT
participant_14,question_15,Timer-Correct,5152,5131,21,0.004076086956521739,False,KEPT
participant_14,question_2,Timer-Correct,6205,6202,3,0.00048348106365834006,False,KEPT
participant_14,question_3,Timer-No-Correct,4712,4701,11,0.00233446519524618,False,KEPT
participant_14,question_4,No-Timer,5586,5583,3,0.0005370569280343716,False,KEPT
participant_14,question_5,Timer-No-Correct,7270,7261,9,0.0012379642365887209,False,KEPT
participant_14,question_6,Timer-No-Correct,11257,11250,7,0.0006218353024784578,False,KEPT
participant_14,question_7,Timer-Correct,3511,3491,20,0.005696382796923953,False,KEPT
participant_14,question_8,Timer-No-Correct,12257,12247,10,0.0008158603247124093,False,KEPT
participant_14,question_9,Timer-Correct,4761,4761,0,0.0,False,KEPT
participant_15,question_1,Timer-No-Correct,7295,7235,60,0.00822481151473612,False,KEPT
participant_15,question_10,Timer-Correct,8292,8140,152,0.018330921369995177,False,KEPT
participant_15,question_11,No-Timer,12008,11942,66,0.005496335776149234,False,KEPT
participant_15,question_12,Timer-Correct,3597,3429,168,0.04670558798999166,False,KEPT
participant_15,question_13,No-Timer,10089,9838,251,0.024878580632371892,False,KEPT
participant_15,question_14,No-Timer,3884,3707,177,0.04557157569515963,False,KEPT
participant_15,question_15,Timer-Correct,3646,3194,452,0.12397147558968732,False,KEPT
participant_15,question_2,Timer-No-Correct,4764,4684,80,0.016792611251049538,False,KEPT
participant_15,question_3,Timer-Correct,10983,10536,447,0.040699262496585634,False,KEPT
participant_15,question_4,Timer-Correct,8647,8346,301,0.0348097606106164,False,KEPT
participant_15,question_5,No-Timer,1808,1790,18,0.00995575221238938,False,KEPT
participant_15,question_6,No-Timer,7938,7807,131,0.016502897455278408,False,KEPT
participant_15,question_7,Timer-No-Correct,11228,11129,99,0.008817242607766299,False,KEPT
participant_15,question_8,Timer-No-Correct,10901,10753,148,0.013576736079258784,False,KEPT
participant_15,question_9,Timer-No-Correct,12716,11770,946,0.07439446366782007,False,KEPT
participant_16,question_1,No-Timer,8585,8258,327,0.038089691322073384,False,KEPT
participant_16,question_10,Timer-No-Correct,10577,10116,461,0.043585137562635906,False,KEPT
participant_16,question_11,Timer-Correct,7796,7424,372,0.04771677783478707,False,KEPT
participant_16,question_12,Timer-Correct,10190,9604,586,0.057507360157016685,False,KEPT
participant_16,question_13,Timer-Correct,10353,9643,710,0.06857915580025113,False,KEPT
participant_16,question_14,Timer-Correct,5438,5187,251,0.04615667524825304,False,KEPT
participant_16,question_15,No-Timer,11931,10924,1007,0.08440197804039896,False,KEPT
participant_16,question_2,Timer-No-Correct,5897,5698,199,0.03374597252840427,False,KEPT
participant_16,question_3,No-Timer,9129,8503,626,0.06857268046883558,False,KEPT
participant_16,question_4,Timer-Correct,8631,8080,551,0.06383964778125362,False,KEPT
participant_16,question_5,Timer-No-Correct,7586,7221,365,0.04811494858950699,False,KEPT
participant_16,question_6,Timer-No-Correct,5500,5169,331,0.060181818181818184,False,KEPT
participant_16,question_7,No-Timer,10388,9853,535,0.05150173276857913,False,KEPT
participant_16,question_8,No-Timer,9211,8487,724,0.07860167191401585,False,KEPT
participant_16,question_9,Timer-No-Correct,5093,4865,228,0.044767327704692716,False,KEPT
participant_17,question_1,Timer-No-Correct,15280,15109,171,0.01119109947643979,False,KEPT
participant_17,question_10,Timer-No-Correct,10594,10496,98,0.009250519161789691,False,KEPT
participant_17,question_11,No-Timer,11215,10831,384,0.03423985733392777,False,KEPT
participant_17,question_12,Timer-No-Correct,7016,6813,203,0.02893386545039909,False,KEPT
participant_17,question_13,Timer-Correct,730,730,0,0.0,False,KEPT
participant_17,question_14,No-Timer,8620,8407,213,0.02470997679814385,False,KEPT
participant_17,question_15,Timer-Correct,7380,7365,15,0.0020325203252032522,False,KEPT
participant_17,question_2,Timer-No-Correct,9618,9507,111,0.011540860885839051,False,KEPT
participant_17,question_3,Timer-Correct,9202,9134,68,0.00738969789176266,False,KEPT
participant_17,question_4,Timer-Correct,11530,11329,201,0.01743278404163053,False,KEPT
participant_17,question_5,No-Timer,4184,4095,89,0.02127151051625239,False,KEPT
participant_17,question_6,No-Timer,10444,10238,206,0.019724243584833396,False,KEPT
participant_17,question_7,Timer-No-Correct,8222,8107,115,0.013986864509851617,False,KEPT
participant_17,question_8,Timer-Correct,5855,5761,94,0.01605465414175918,False,KEPT
participant_17,question_9,No-Timer,8814,8781,33,0.0037440435670524166,False,KEPT
participant_18,question_1,Timer-No-Correct,6231,6157,74,0.011876103354196758,False,KEPT
participant_18,question_10,Timer-Correct,9042,8923,119,0.013160805131608052,False,KEPT
participant_18,question_11,Timer-No-Correct,12299,11744,555,0.04512561996910318,False,KEPT
participant_18,question_12,No-Timer,12851,12501,350,0.027235234612092443,False,KEPT
participant_18,question_13,Timer-No-Correct,5400,5197,203,0.037592592592592594,False,KEPT
participant_18,question_14,Timer-No-Correct,5275,4976,299,0.0566824644549763,False,KEPT
participant_18,question_15,No-Timer,3187,3109,78,0.02447442736115469,False,KEPT
participant_18,question_2,No-Timer,13295,12111,1184,0.08905603610379842,False,KEPT
participant_18,question_3,Timer-Correct,5367,5191,176,0.032792994223961244,False,KEPT
participant_18,question_4,Timer-Correct,10720,10546,174,0.01623134328358209,False,KEPT
participant_18,question_5,Timer-Correct,11547,11310,237,0.020524811639386853,False,KEPT
participant_18,question_6,No-Timer,12679,12275,404,0.03186371164918369,False,KEPT
participant_18,question_7,Timer-No-Correct,12297,11954,343,0.027892982028136944,False,KEPT
participant_18,question_8,Timer-Correct,12370,12113,257,0.020776071139854486,False,KEPT
participant_18,question_9,No-Timer,8744,8608,136,0.01555352241537054,False,KEPT
participant_19,question_1,No-Timer,12305,11116,1189,0.09662738724095896,True,EXCLUDED (participant)
participant_19,question_10,No-Timer,10763,4243,6520,0.6057790578834897,True,EXCLUDED (participant)
participant_19,question_11,No-Timer,13346,4488,8858,0.6637194665068186,True,EXCLUDED (participant)
participant_19,question_12,Timer-No-Correct,13135,2610,10525,0.8012942519984774,True,EXCLUDED (participant)
participant_19,question_13,Timer-No-Correct,6758,1694,5064,0.749334122521456,True,EXCLUDED (participant)
participant_19,question_14,Timer-Correct,4294,505,3789,0.8823940381928272,True,EXCLUDED (participant)
participant_19,question_15,No-Timer,11979,346,11633,0.9711161198764504,True,EXCLUDED (participant)
participant_19,question_2,No-Timer,12066,11411,655,0.054284767114205205,True,EXCLUDED (participant)
participant_19,question_3,Timer-Correct,6840,5999,841,0.12295321637426901,True,EXCLUDED (participant)
participant_19,question_4,Timer-No-Correct,3544,3071,473,0.13346501128668173,True,EXCLUDED (participant)
participant_19,question_5,Timer-Correct,54849,44283,10566,0.19263796969862715,True,EXCLUDED (participant)
participant_19,question_6,Timer-No-Correct,11119,1157,9962,0.8959438798453099,True,EXCLUDED (participant)
participant_19,question_7,Timer-Correct,10026,513,9513,0.9488330341113106,True,EXCLUDED (participant)
participant_19,question_8,Timer-No-Correct,4108,299,3809,0.9272151898734177,True,EXCLUDED (participant)
participant_19,question_9,Timer-Correct,7294,4199,3095,0.4243213600219358,True,EXCLUDED (participant)
participant_2,question_1,No-Timer,7135,7074,61,0.008549404344779257,False,KEPT
participant_2,question_10,No-Timer,10203,7511,2692,0.26384396746055083,False,KEPT
participant_2,question_11,Timer-Correct,10001,2588,7413,0.7412258774122588,True,EXCLUDED
participant_2,question_12,Timer-Correct,3422,2233,1189,0.3474576271186441,True,EXCLUDED
participant_2,question_13,Timer-No-Correct,13476,13258,218,0.016176907094093203,False,KEPT
participant_2,question_14,No-Timer,5398,5216,182,0.03371619118191923,False,KEPT
participant_2,question_15,No-Timer,12932,12894,38,0.002938447262604392,False,KEPT
participant_2,question_2,Timer-Correct,6994,6840,154,0.02201887331998856,False,KEPT
participant_2,question_3,No-Timer,9594,9173,421,0.043881592662080464,False,KEPT
participant_2,question_4,Timer-Correct,5091,5081,10,0.0019642506383814574,False,KEPT
participant_2,question_5,Timer-No-Correct,8143,7373,770,0.09455974456588481,False,KEPT
participant_2,question_6,Timer-No-Correct,10556,10506,50,0.004736642667677151,False,KEPT
participant_2,question_7,Timer-No-Correct,13427,13374,53,0.003947270425262531,False,KEPT
participant_2,question_8,Timer-No-Correct,8289,8272,17,0.002050910845699119,False,KEPT
participant_2,question_9,Timer-Correct,13137,13103,34,0.0025881099185506586,False,KEPT
participant_20,question_1,Timer-Correct,33921,33833,88,0.002594263140827216,False,KEPT
participant_20,question_10,Timer-Correct,12625,12535,90,0.007128712871287129,False,KEPT
participant_20,question_11,No-Timer,13483,13319,164,0.012163465104205295,False,KEPT
participant_20,question_12,No-Timer,5577,5531,46,0.00824816209431594,False,KEPT
participant_20,question_13,Timer-Correct,6825,6806,19,0.002783882783882784,False,KEPT
participant_20,question_14,No-Timer,8464,8440,24,0.002835538752362949,False,KEPT
participant_20,question_15,Timer-Correct,2757,2751,6,0.002176278563656148,False,KEPT
participant_20,question_2,Timer-No-Correct,6257,6213,44,0.007032124021096372,False,KEPT
participant_20,question_3,No-Timer,10196,10158,38,0.00372695174578266,False,KEPT
participant_20,question_4,No-Timer,10303,10224,79,0.007667669610792973,False,KEPT
participant_20,question_5,Timer-Correct,7438,7423,15,0.002016671148158107,False,KEPT
participant_20,question_6,Timer-No-Correct,12124,12119,5,0.00041240514681623226,False,KEPT
participant_20,question_7,Timer-No-Correct,7431,7421,10,0.0013457139012245996,False,KEPT
participant_20,question_8,Timer-No-Correct,12328,12319,9,0.0007300454250486697,False,KEPT
participant_20,question_9,Timer-No-Correct,11923,11784,139,0.011658139729933742,False,KEPT
participant_21,question_1,Timer-Correct,15135,15104,31,0.0020482325735051207,False,KEPT
participant_21,question_10,No-Timer,12560,12527,33,0.002627388535031847,False,KEPT
participant_21,question_11,Timer-No-Correct,11779,11750,29,0.0024620086594787332,False,KEPT
participant_21,question_12,No-Timer,12549,12525,24,0.0019125029882859192,False,KEPT
participant_21,question_13,Timer-No-Correct,3740,3727,13,0.0034759358288770055,False,KEPT
participant_21,question_14,Timer-Correct,2329,2324,5,0.0021468441391155,False,KEPT
participant_21,question_15,Timer-No-Correct,4702,4696,6,0.0012760527435133986,False,KEPT
participant_21,question_2,Timer-Correct,5543,5531,12,0.002164892657405737,False,KEPT
participant_21,question_3,No-Timer,9404,9390,14,0.0014887282007656317,False,KEPT
participant_21,question_4,No-Timer,11591,11533,58,0.005003882322491588,False,KEPT
participant_21,question_5,Timer-No-Correct,3566,3566,0,0.0,False,KEPT
participant_21,question_6,Timer-Correct,11600,11554,46,0.003965517241379311,False,KEPT
participant_21,question_7,No-Timer,4559,4543,16,0.003509541566132924,False,KEPT
participant_21,question_8,Timer-No-Correct,8714,8708,6,0.0006885471654808355,False,KEPT
participant_21,question_9,Timer-Correct,6737,6719,18,0.0026718123793973577,False,KEPT
participant_22,question_1,No-Timer,11521,10678,843,0.07317073170731707,False,KEPT
participant_22,question_10,No-Timer,10041,9998,43,0.0042824419878498155,False,KEPT
participant_22,question_11,Timer-Correct,2751,2746,5,0.0018175209014903672,False,KEPT
participant_22,question_12,Timer-No-Correct,4480,4459,21,0.0046875,False,KEPT
participant_22,question_13,No-Timer,4710,4658,52,0.011040339702760084,False,KEPT
participant_22,question_14,Timer-Correct,9611,9563,48,0.004994277390490063,False,KEPT
participant_22,question_15,Timer-Correct,3258,3241,17,0.0052179251074278695,False,KEPT
participant_22,question_2,Timer-Correct,19570,14821,4749,0.2426673479816045,False,KEPT
participant_22,question_3,Timer-No-Correct,9489,9264,225,0.023711666139740753,False,KEPT
participant_22,question_4,No-Timer,8645,8572,73,0.008444187391555813,False,KEPT
participant_22,question_5,Timer-Correct,7567,7067,500,0.06607638430025109,False,KEPT
participant_22,question_6,Timer-No-Correct,9881,9750,131,0.013257767432446109,False,KEPT
participant_22,question_7,No-Timer,5819,5800,19,0.0032651658360543048,False,KEPT
participant_22,question_8,Timer-No-Correct,3552,3536,16,0.0045045045045045045,False,KEPT
participant_22,question_9,Timer-No-Correct,7341,7288,53,0.007219724833129002,False,KEPT
participant_23,question_1,Timer-Correct,25494,25177,317,0.012434298266258727,False,KEPT
participant_23,question_10,Timer-Correct,8789,8617,172,0.019569916941631585,False,KEPT
participant_23,question_11,No-Timer,10138,10016,122,0.012033931741960938,False,KEPT
participant_23,question_12,No-Timer,12911,12709,202,0.01564557354194098,False,KEPT
participant_23,question_13,Timer-No-Correct,13253,13112,141,0.010639100581000527,False,KEPT
participant_23,question_14,Timer-Correct,6013,5914,99,0.01646432729086978,False,KEPT
participant_23,question_15,Timer-No-Correct,5384,5271,113,0.020988112927191677,False,KEPT
participant_23,question_2,Timer-Correct,10503,10329,174,0.016566695229934304,False,KEPT
participant_23,question_3,Timer-No-Correct,26340,25954,386,0.014654517843583903,False,KEPT
participant_23,question_4,No-Timer,6558,6465,93,0.014181152790484904,False,KEPT
participant_23,question_5,Timer-No-Correct,11265,11096,169,0.015002219263204617,False,KEPT
participant_23,question_6,No-Timer,12886,12723,163,0.012649386931553624,False,KEPT
participant_23,question_7,No-Timer,11997,11794,203,0.016920896890889388,False,KEPT
participant_23,question_8,Timer-No-Correct,11995,11762,233,0.019424760316798666,False,KEPT
participant_23,question_9,Timer-Correct,12760,12587,173,0.013557993730407523,False,KEPT
participant_24,question_1,Timer-Correct,4353,4269,84,0.019297036526533425,False,KEPT
participant_24,question_10,Timer-No-Correct,10473,10220,253,0.024157357013272224,False,KEPT
participant_24,question_11,No-Timer,3911,3835,76,0.019432370237790847,False,KEPT
participant_24,question_12,No-Timer,5459,5379,80,0.014654698662758746,False,KEPT
participant_24,question_13,No-Timer,3441,3372,69,0.02005231037489102,False,KEPT
participant_24,question_14,Timer-No-Correct,4603,4575,28,0.006082989354768629,False,KEPT
participant_24,question_15,Timer-No-Correct,5371,5350,21,0.003909886427108546,False,KEPT
participant_24,question_2,Timer-Correct,7619,7563,56,0.007350045937787111,False,KEPT
participant_24,question_3,No-Timer,5704,5540,164,0.028751753155680224,False,KEPT
participant_24,question_4,Timer-No-Correct,4552,4514,38,0.008347978910369069,False,KEPT
participant_24,question_5,No-Timer,4527,4465,62,0.013695604152860615,False,KEPT
participant_24,question_6,Timer-Correct,9291,9141,150,0.01614465611882467,False,KEPT
participant_24,question_7,Timer-No-Correct,4804,4742,62,0.012905911740216486,False,KEPT
participant_24,question_8,Timer-Correct,7441,7235,206,0.02768445101464857,False,KEPT
participant_24,question_9,Timer-Correct,2449,2443,6,0.002449979583503471,False,KEPT
participant_25,question_1,No-Timer,6826,6487,339,0.049663053032522705,False,KEPT
participant_25,question_10,Timer-No-Correct,8193,8097,96,0.011717319663127059,False,KEPT
participant_25,question_11,Timer-No-Correct,8166,8113,53,0.006490325740876806,False,KEPT
participant_25,question_12,No-Timer,5557,5458,99,0.017815368004318877,False,KEPT
participant_25,question_13,Timer-No-Correct,8467,8437,30,0.0035431675918270933,False,KEPT
participant_25,question_14,Timer-Correct,7807,7785,22,0.002817983860637889,False,KEPT
participant_25,question_15,Timer-Correct,4429,4382,47,0.010611876270038383,False,KEPT
participant_25,question_2,No-Timer,3441,3436,5,0.0014530659691950015,False,KEPT
participant_25,question_3,Timer-Correct,9304,9295,9,0.0009673258813413585,False,KEPT
participant_25,question_4,Timer-No-Correct,7153,7133,20,0.002796029637914162,False,KEPT
participant_25,question_5,Timer-No-Correct,6897,6816,81,0.0117442366246194,False,KEPT
participant_25,question_6,Timer-Correct,9314,9209,105,0.011273351943311145,False,KEPT
participant_25,question_7,Timer-Correct,6521,6474,47,0.0072074835147983435,False,KEPT
participant_25,question_8,No-Timer,7027,6981,46,0.006546179023765476,False,KEPT
participant_25,question_9,No-Timer,12184,11815,369,0.030285620485883125,False,KEPT
participant_26,question_1,Timer-Correct,3175,3135,40,0.012598425196850394,False,KEPT
participant_26,question_10,Timer-No-Correct,1253,1222,31,0.024740622505985636,False,KEPT
participant_26,question_11,Timer-No-Correct,9334,8937,397,0.04253267623741162,False,KEPT
participant_26,question_12,Timer-No-Correct,3217,3161,56,0.017407522536524712,False,KEPT
participant_26,question_13,No-Timer,10581,10342,239,0.02258765712125508,False,KEPT
participant_26,question_14,Timer-Correct,8804,8611,193,0.021921853702862336,False,KEPT
participant_26,question_15,No-Timer,2392,2308,84,0.03511705685618729,False,KEPT
participant_26,question_2,Timer-No-Correct,4564,4517,47,0.010297984224364592,False,KEPT
participant_26,question_3,Timer-Correct,3874,3816,58,0.014971605575632421,False,KEPT
participant_26,question_4,Timer-Correct,1351,1339,12,0.008882309400444115,False,KEPT
participant_26,question_5,No-Timer,1662,1627,35,0.0210589651022864,False,KEPT
participant_26,question_6,No-Timer,6009,5946,63,0.010484273589615577,False,KEPT
participant_26,question_7,Timer-No-Correct,2333,2304,29,0.012430347192456065,False,KEPT
participant_26,question_8,No-Timer,6076,5962,114,0.018762343647136272,False,KEPT
participant_26,question_9,Timer-Correct,1444,1427,17,0.011772853185595568,False,KEPT
participant_27,question_1,No-Timer,3314,3290,24,0.00724200362100181,False,KEPT
participant_27,question_10,No-Timer,4583,4550,33,0.007200523674449051,False,KEPT
participant_27,question_11,Timer-Correct,6376,6268,108,0.016938519447929738,False,KEPT
participant_27,question_12,Timer-No-Correct,8213,8028,185,0.022525264824059418,False,KEPT
participant_27,question_13,No-Timer,12612,12372,240,0.019029495718363463,False,KEPT
participant_27,question_14,Timer-No-Correct,8168,8124,44,0.0053868756121449556,False,KEPT
participant_27,question_15,No-Timer,5164,5116,48,0.009295120061967466,False,KEPT
participant_27,question_2,Timer-No-Correct,3224,3161,63,0.019540942928039703,False,KEPT
participant_27,question_3,No-Timer,7985,7840,145,0.018159048215403883,False,KEPT
participant_27,question_4,Timer-Correct,6322,6270,52,0.008225245175577349,False,KEPT
participant_27,question_5,Timer-No-Correct,4802,4727,75,0.015618492294877134,False,KEPT
participant_27,question_6,Timer-No-Correct,1499,1499,0,0.0,False,KEPT
participant_27,question_7,Timer-Correct,5354,5209,145,0.027082555098991407,False,KEPT
participant_27,question_8,Timer-Correct,7106,7003,103,0.01449479313256403,False,KEPT
participant_27,question_9,Timer-Correct,2036,2032,4,0.0019646365422396855,False,KEPT
participant_28,question_1,Timer-No-Correct,8390,8246,144,0.017163289630512515,False,KEPT
participant_28,question_10,Timer-No-Correct,12405,12320,85,0.0068520757758968156,False,KEPT
participant_28,question_11,Timer-Correct,10597,10404,193,0.018212701708030576,False,KEPT
participant_28,question_12,Timer-Correct,5021,4947,74,0.014738099980083649,False,KEPT
participant_28,question_13,Timer-Correct,12505,12376,129,0.010315873650539785,False,KEPT
participant_28,question_14,Timer-Correct,12841,12427,414,0.03224047971341796,False,KEPT
participant_28,question_15,Timer-No-Correct,5720,5680,40,0.006993006993006993,False,KEPT
participant_28,question_2,No-Timer,6820,6778,42,0.0061583577712609975,False,KEPT
participant_28,question_3,No-Timer,14888,14353,535,0.03593498119290704,False,KEPT
participant_28,question_4,Timer-Correct,2740,2731,9,0.0032846715328467154,False,KEPT
participant_28,question_5,Timer-No-Correct,14230,13656,574,0.04033731553056922,False,KEPT
participant_28,question_6,Timer-No-Correct,12441,12377,64,0.0051442810063499714,False,KEPT
participant_28,question_7,No-Timer,4569,4551,18,0.003939592908732764,False,KEPT
participant_28,question_8,No-Timer,7232,7195,37,0.005116150442477876,False,KEPT
participant_28,question_9,No-Timer,9530,9488,42,0.00440713536201469,False,KEPT
participant_29,question_1,Timer-Correct,8407,8329,78,0.009277982633519685,False,KEPT
participant_29,question_10,Timer-Correct,2058,2046,12,0.0058309037900874635,False,KEPT
participant_29,question_11,Timer-Correct,1269,1263,6,0.004728132387706856,False,KEPT
participant_29,question_12,Timer-Correct,2427,2421,6,0.002472187886279357,False,KEPT
participant_29,question_13,No-Timer,1800,1782,18,0.01,False,KEPT
participant_29,question_14,Timer-No-Correct,2434,2410,24,0.009860312243221035,False,KEPT
participant_29,question_15,No-Timer,3246,3222,24,0.0073937153419593345,False,KEPT
participant_29,question_2,Timer-Correct,4808,4784,24,0.004991680532445923,False,KEPT
participant_29,question_3,Timer-No-Correct,6593,6551,42,0.006370392840891855,False,KEPT
participant_29,question_4,No-Timer,6039,5967,72,0.011922503725782414,False,KEPT
participant_29,question_5,No-Timer,1271,1259,12,0.00944138473642801,False,KEPT
participant_29,question_6,Timer-No-Correct,1065,1065,0,0.0,False,KEPT
participant_29,question_7,Timer-No-Correct,1750,1738,12,0.006857142857142857,False,KEPT
participant_29,question_8,No-Timer,2089,2083,6,0.0028721876495931067,False,KEPT
participant_29,question_9,Timer-No-Correct,2011,1999,12,0.005967180507210343,False,KEPT
participant_3,question_1,Timer-No-Correct,5464,5452,12,0.0021961932650073207,False,KEPT
participant_3,question_10,No-Timer,3955,3891,64,0.01618204804045512,False,KEPT
participant_3,question_11,No-Timer,6038,5988,50,0.008280887711162636,False,KEPT
participant_3,question_12,Timer-No-Correct,5843,5814,29,0.0049632038336470995,False,KEPT
participant_3,question_13,Timer-Correct,7611,7407,204,0.026803310997240835,False,KEPT
participant_3,question_14,Timer-Correct,8602,8562,40,0.0046500813764240876,False,KEPT
participant_3,question_15,No-Timer,10712,10642,70,0.006534727408513816,False,KEPT
participant_3,question_2,Timer-No-Correct,5636,5601,35,0.006210078069552875,False,KEPT
participant_3,question_3,No-Timer,5197,5151,46,0.008851260342505291,False,KEPT
participant_3,question_4,Timer-No-Correct,8919,8819,100,0.011212019284673169,False,KEPT
participant_3,question_5,Timer-No-Correct,17644,17420,224,0.012695533892541374,False,KEPT
participant_3,question_6,No-Timer,10037,9955,82,0.008169771844176547,False,KEPT
participant_3,question_7,Timer-Correct,10963,10872,91,0.008300647632947186,False,KEPT
participant_3,question_8,Timer-Correct,8622,8568,54,0.006263048016701462,False,KEPT
participant_3,question_9,Timer-Correct,3562,3536,26,0.0072992700729927005,False,KEPT
participant_30,question_1,Timer-Correct,7489,7170,319,0.042595807183869676,False,KEPT
participant_30,question_10,No-Timer,10117,7611,2506,0.24770188791143619,False,KEPT
participant_30,question_11,Timer-Correct,2527,2097,430,0.17016224772457458,False,KEPT
participant_30,question_12,Timer-No-Correct,7264,4698,2566,0.3532488986784141,True,EXCLUDED
participant_30,question_13,No-Timer,3896,3633,263,0.06750513347022587,False,KEPT
participant_30,question_14,Timer-No-Correct,3329,3255,74,0.022228897566836887,False,KEPT
participant_30,question_15,Timer-No-Correct,12403,10969,1434,0.1156171893896638,False,KEPT
participant_30,question_2,No-Timer,3219,3123,96,0.02982292637465051,False,KEPT
participant_30,question_3,Timer-Correct,1998,1958,40,0.02002002002002002,False,KEPT
participant_30,question_4,No-Timer,8924,8639,285,0.03193635141192291,False,KEPT
participant_30,question_5,Timer-Correct,5455,4804,651,0.11934005499541706,False,KEPT
participant_30,question_6,Timer-Correct,5700,5484,216,0.037894736842105266,False,KEPT
participant_30,question_7,Timer-No-Correct,8788,4402,4386,0.499089667728721,True,EXCLUDED
participant_30,question_8,Timer-No-Correct,8495,6415,2080,0.2448499117127722,False,KEPT
participant_30,question_9,No-Timer,5929,5583,346,0.05835722718839602,False,KEPT
participant_4,question_1,No-Timer,4010,3918,92,0.022942643391521196,False,KEPT
participant_4,question_10,No-Timer,12435,11759,676,0.05436268596702855,False,KEPT
participant_4,question_11,No-Timer,4612,4020,592,0.12836079791847355,False,KEPT
participant_4,question_12,Timer-Correct,2118,1997,121,0.05712936732766761,False,KEPT
participant_4,question_13,Timer-Correct,1790,1764,26,0.01452513966480447,False,KEPT
participant_4,question_14,Timer-No-Correct,9226,8588,638,0.06915239540429222,False,KEPT
participant_4,question_15,No-Timer,10646,10278,368,0.034566973511177906,False,KEPT
participant_4,question_2,Timer-Correct,4888,4734,154,0.03150572831423895,False,KEPT
participant_4,question_3,Timer-Correct,3871,3690,181,0.046757943683802636,False,KEPT
participant_4,question_4,Timer-No-Correct,3496,3386,110,0.031464530892448515,False,KEPT
participant_4,question_5,Timer-Correct,7402,7233,169,0.022831667116995406,False,KEPT
participant_4,question_6,No-Timer,3347,3215,132,0.03943830295787272,False,KEPT
participant_4,question_7,Timer-No-Correct,12904,12418,486,0.03766274023558586,False,KEPT
participant_4,question_8,Timer-No-Correct,5288,4822,466,0.08812405446293495,False,KEPT
participant_4,question_9,Timer-No-Correct,7771,6912,859,0.11053918414618454,False,KEPT
participant_5,question_1,Timer-No-Correct,10782,10511,271,0.025134483398256354,False,KEPT
participant_5,question_10,Timer-Correct,3277,3231,46,0.014037229173024107,False,KEPT
participant_5,question_11,Timer-No-Correct,2814,2787,27,0.009594882729211088,False,KEPT
participant_5,question_12,Timer-No-Correct,10731,10487,244,0.02273786226819495,False,KEPT
participant_5,question_13,No-Timer,9257,9028,229,0.024738036080803716,False,KEPT
participant_5,question_14,No-Timer,6257,6159,98,0.015662458046987373,False,KEPT
participant_5,question_15,Timer-Correct,3538,3497,41,0.011588468061051441,False,KEPT
participant_5,question_2,Timer-Correct,12018,11558,460,0.0382759194541521,False,KEPT
participant_5,question_3,No-Timer,22156,21183,973,0.043915869290485646,False,KEPT
participant_5,question_4,Timer-Correct,6699,6517,182,0.027168234064785787,False,KEPT
participant_5,question_5,No-Timer,1570,1536,34,0.02165605095541401,False,KEPT
participant_5,question_6,Timer-No-Correct,6227,6083,144,0.023125100369359244,False,KEPT
participant_5,question_7,Timer-Correct,9043,8886,157,0.01736149507906668,False,KEPT
participant_5,question_8,Timer-No-Correct,4190,4072,118,0.028162291169451074,False,KEPT
participant_5,question_9,No-Timer,9169,9012,157,0.01712291416730287,False,KEPT
participant_6,question_1,Timer-No-Correct,8152,7971,181,0.022203140333660453,False,KEPT
participant_6,question_10,Timer-No-Correct,8088,7936,152,0.018793273986152326,False,KEPT
participant_6,question_11,Timer-Correct,4552,4446,106,0.02328646748681898,False,KEPT
participant_6,question_12,Timer-Correct,10716,10544,172,0.01605076521089959,False,KEPT
participant_6,question_13,Timer-Correct,12711,12490,221,0.01738651561639525,False,KEPT
participant_6,question_14,No-Timer,2858,2796,62,0.021693491952414275,False,KEPT
participant_6,question_15,Timer-Correct,12941,12710,231,0.01785024341241017,False,KEPT
participant_6,question_2,No-Timer,13702,13183,519,0.03787768209020581,False,KEPT
participant_6,question_3,Timer-Correct,8555,8376,179,0.020923436586791352,False,KEPT
participant_6,question_4,Timer-No-Correct,6263,6160,103,0.01644579275107776,False,KEPT
participant_6,question_5,Timer-No-Correct,4523,4285,238,0.05261994251602919,False,KEPT
participant_6,question_6,No-Timer,5775,5645,130,0.022510822510822513,False,KEPT
participant_6,question_7,No-Timer,4279,4186,93,0.021734050011684974,False,KEPT
participant_6,question_8,Timer-No-Correct,12629,12479,150,0.011877424974265579,False,KEPT
participant_6,question_9,No-Timer,9659,9531,128,0.013251889429547572,False,KEPT
participant_7,question_1,Timer-Correct,7383,7115,268,0.03629960720574292,False,KEPT
participant_7,question_10,No-Timer,6510,6413,97,0.014900153609831029,False,KEPT
participant_7,question_11,Timer-Correct,7715,7495,220,0.028515878159429683,False,KEPT
participant_7,question_12,Timer-No-Correct,10397,9777,620,0.059632586322977785,False,KEPT
participant_7,question_13,Timer-No-Correct,12425,12235,190,0.015291750503018108,False,KEPT
participant_7,question_14,Timer-Correct,6199,6115,84,0.013550572673011777,False,KEPT
participant_7,question_15,No-Timer,6475,6389,86,0.013281853281853282,False,KEPT
participant_7,question_2,No-Timer,5786,5634,152,0.026270307639128933,False,KEPT
participant_7,question_3,Timer-No-Correct,6334,6246,88,0.013893274392169246,False,KEPT
participant_7,question_4,Timer-Correct,6935,6758,177,0.025522710886806056,False,KEPT
participant_7,question_5,No-Timer,8247,8087,160,0.019400994300957923,False,KEPT
participant_7,question_6,Timer-No-Correct,8087,7884,203,0.025102015580561396,False,KEPT
participant_7,question_7,Timer-No-Correct,6478,6392,86,0.013275702377276937,False,KEPT
participant_7,question_8,No-Timer,4875,4808,67,0.013743589743589744,False,KEPT
participant_7,question_9,Timer-Correct,10653,10310,343,0.03219750305078382,False,KEPT
participant_8,question_1,Timer-No-Correct,5647,5600,47,0.008323003364618381,False,KEPT
participant_8,question_10,Timer-No-Correct,7576,7510,66,0.008711721224920803,False,KEPT
participant_8,question_11,Timer-Correct,8503,8416,87,0.010231682935434553,False,KEPT
participant_8,question_12,Timer-Correct,8064,8017,47,0.005828373015873016,False,KEPT
participant_8,question_13,Timer-Correct,6592,6533,59,0.008950242718446601,False,KEPT
participant_8,question_14,Timer-No-Correct,11338,11093,245,0.021608749338507673,False,KEPT
participant_8,question_15,No-Timer,11423,11293,130,0.011380548017158364,False,KEPT
participant_8,question_2,No-Timer,10306,10252,54,0.005239666213856006,False,KEPT
participant_8,question_3,No-Timer,7828,7758,70,0.008942258559018906,False,KEPT
participant_8,question_4,Timer-Correct,8658,8626,32,0.003696003696003696,False,KEPT
participant_8,question_5,Timer-No-Correct,8312,8226,86,0.010346487006737248,False,KEPT
participant_8,question_6,Timer-Correct,8321,8132,189,0.022713616151904818,False,KEPT
participant_8,question_7,No-Timer,6244,6179,65,0.010409993593850097,False,KEPT
participant_8,question_8,No-Timer,7946,7827,119,0.014976088598036749,False,KEPT
participant_8,question_9,Timer-No-Correct,6913,6824,89,0.012874294806885577,False,KEPT
participant_9,question_1,Timer-No-Correct,9367,9022,345,0.03683142948649514,False,KEPT
participant_9,question_10,No-Timer,5012,4896,116,0.02314445331205108,False,KEPT
participant_9,question_11,Timer-No-Correct,2078,2033,45,0.02165543792107796,False,KEPT
participant_9,question_12,Timer-Correct,4830,4699,131,0.027122153209109733,False,KEPT
participant_9,question_13,No-Timer,12308,11932,376,0.030549236269093272,False,KEPT
participant_9,question_14,Timer-Correct,2625,2531,94,0.03580952380952381,False,KEPT
participant_9,question_15,Timer-No-Correct,4571,4402,169,0.036972216145263616,False,KEPT
participant_9,question_2,Timer-Correct,6750,6540,210,0.03111111111111111,False,KEPT
participant_9,question_3,No-Timer,10850,10524,326,0.030046082949308755,False,KEPT
participant_9,question_4,Timer-Correct,4029,3943,86,0.02134524695954331,False,KEPT
participant_9,question_5,Timer-No-Correct,4503,4402,101,0.022429491450144348,False,KEPT
participant_9,question_6,No-Timer,6289,6084,205,0.03259659723326443,False,KEPT
participant_9,question_7,No-Timer,2864,2771,93,0.03247206703910614,False,KEPT
participant_9,question_8,Timer-No-Correct,6349,6171,178,0.02803591116711293,False,KEPT
participant_9,question_9,Timer-Correct,12450,12028,422,0.03389558232931727,False,KEPT
